Using pre-set license
Built from '2021.3/release' branch; Version is '2021.3.17f1 (3e8111cac19d) revision 4096273'; Using compiler version '192829333'; Build Type 'Release'
OS: 'Windows 10  (10.0.14393) 64bit EnterpriseS' Language: 'pt' Physical Memory: 4048 MB
BatchMode: 1, IsHumanControllingUs: 0, StartBugReporterOnCrash: 0, Is64bit: 1, IsPro: 1

COMMAND LINE ARGUMENTS:
C:\Program Files\Unity\Hub\Editor\2021.3.17f1\Editor\Unity.exe
-adb2
-batchMode
-noUpm
-name
AssetImportWorker2
-projectPath
C:/Users/User/Documents/GitHubArchives/BiroBiro/BiroBiro
-logFile
Logs/AssetImportWorker2.log
-srvPort
50083
Successfully changed project path to: C:/Users/User/Documents/GitHubArchives/BiroBiro/BiroBiro
C:/Users/User/Documents/GitHubArchives/BiroBiro/BiroBiro
[UnityMemory] Configuration Parameters - Can be set up in boot.config
    "memorysetup-bucket-allocator-granularity=16"
    "memorysetup-bucket-allocator-bucket-count=8"
    "memorysetup-bucket-allocator-block-size=33554432"
    "memorysetup-bucket-allocator-block-count=8"
    "memorysetup-main-allocator-block-size=16777216"
    "memorysetup-thread-allocator-block-size=16777216"
    "memorysetup-gfx-main-allocator-block-size=16777216"
    "memorysetup-gfx-thread-allocator-block-size=16777216"
    "memorysetup-cache-allocator-block-size=4194304"
    "memorysetup-typetree-allocator-block-size=2097152"
    "memorysetup-profiler-bucket-allocator-granularity=16"
    "memorysetup-profiler-bucket-allocator-bucket-count=8"
    "memorysetup-profiler-bucket-allocator-block-size=33554432"
    "memorysetup-profiler-bucket-allocator-block-count=8"
    "memorysetup-profiler-allocator-block-size=16777216"
    "memorysetup-profiler-editor-allocator-block-size=1048576"
    "memorysetup-temp-allocator-size-main=16777216"
    "memorysetup-job-temp-allocator-block-size=2097152"
    "memorysetup-job-temp-allocator-block-size-background=1048576"
    "memorysetup-job-temp-allocator-reduction-small-platforms=262144"
    "memorysetup-temp-allocator-size-background-worker=32768"
    "memorysetup-temp-allocator-size-job-worker=262144"
    "memorysetup-temp-allocator-size-preload-manager=33554432"
    "memorysetup-temp-allocator-size-nav-mesh-worker=65536"
    "memorysetup-temp-allocator-size-audio-worker=65536"
    "memorysetup-temp-allocator-size-cloud-worker=32768"
    "memorysetup-temp-allocator-size-gi-baking-worker=262144"
    "memorysetup-temp-allocator-size-gfx=262144"
Player connection [8660] Host "[IP] 192.168.0.14 [Port] 0 [Flags] 2 [Guid] 502063345 [EditorId] 502063345 [Version] 1048832 [Id] WindowsEditor(7,DESKTOP-H4QVKBJ) [Debug] 1 [PackageName] WindowsEditor [ProjectName] Editor" joined multi-casting on [225.0.0.222:54997]...

Player connection [8660] Host "[IP] 192.168.0.14 [Port] 0 [Flags] 2 [Guid] 502063345 [EditorId] 502063345 [Version] 1048832 [Id] WindowsEditor(7,DESKTOP-H4QVKBJ) [Debug] 1 [PackageName] WindowsEditor [ProjectName] Editor" joined alternative multi-casting on [225.0.0.222:34997]...

Refreshing native plugins compatible for Editor in 262.63 ms, found 4 plugins.
Preloading 0 native plugins for Editor in 0.00 ms.
Initialize engine version: 2021.3.17f1 (3e8111cac19d)
[Subsystems] Discovering subsystems at path C:/Program Files/Unity/Hub/Editor/2021.3.17f1/Editor/Data/Resources/UnitySubsystems
[Subsystems] Discovering subsystems at path C:/Users/User/Documents/GitHubArchives/BiroBiro/BiroBiro/Assets
GfxDevice: creating device client; threaded=0; jobified=0
Direct3D:
    Version:  Direct3D 11.0 [level 11.1]
    Renderer: AMD Radeon R7 200 Series (ID=0x683f)
    Vendor:   ATI
    VRAM:     2027 MB
    Driver:   27.20.20912.1002
Initialize mono
Mono path[0] = 'C:/Program Files/Unity/Hub/Editor/2021.3.17f1/Editor/Data/Managed'
Mono path[1] = 'C:/Program Files/Unity/Hub/Editor/2021.3.17f1/Editor/Data/MonoBleedingEdge/lib/mono/unityjit-win32'
Mono config path = 'C:/Program Files/Unity/Hub/Editor/2021.3.17f1/Editor/Data/MonoBleedingEdge/etc'
Using monoOptions --debugger-agent=transport=dt_socket,embedding=1,server=y,suspend=n,address=127.0.0.1:56372
Begin MonoManager ReloadAssembly
Registering precompiled unity dll's ...
Register platform support module: C:/Program Files/Unity/Hub/Editor/2021.3.17f1/Editor/Data/PlaybackEngines/WindowsStandaloneSupport/UnityEditor.WindowsStandalone.Extensions.dll
Registered in 0.014221 seconds.
Native extension for WindowsStandalone target not found
Refreshing native plugins compatible for Editor in 247.83 ms, found 4 plugins.
Preloading 0 native plugins for Editor in 0.00 ms.
Mono: successfully reloaded assembly
- Completed reload, in  2.372 seconds
Domain Reload Profiling:
	ReloadAssembly (2373ms)
		BeginReloadAssembly (862ms)
			ExecutionOrderSort (0ms)
			DisableScriptedObjects (0ms)
			BackupInstance (0ms)
			ReleaseScriptingObjects (0ms)
			CreateAndSetChildDomain (1ms)
		EndReloadAssembly (1259ms)
			LoadAssemblies (859ms)
			RebuildTransferFunctionScriptingTraits (0ms)
			SetupTypeCache (335ms)
			ReleaseScriptCaches (0ms)
			RebuildScriptCaches (73ms)
			SetupLoadedEditorAssemblies (724ms)
				LogAssemblyErrors (0ms)
				InitializePlatformSupportModulesInManaged (15ms)
				SetLoadedEditorAssemblies (0ms)
				RefreshPlugins (248ms)
				BeforeProcessingInitializeOnLoad (6ms)
				ProcessInitializeOnLoadAttributes (327ms)
				ProcessInitializeOnLoadMethodAttributes (128ms)
				AfterProcessingInitializeOnLoad (0ms)
				EditorAssembliesLoaded (0ms)
			ExecutionOrderSort2 (0ms)
			AwakeInstancesAfterBackupRestoration (0ms)
Platform modules already initialized, skipping
Registering precompiled user dll's ...
Registered in 0.079811 seconds.
Begin MonoManager ReloadAssembly
Symbol file LoadedFromMemory doesn't match image C:\Users\User\Documents\GitHubArchives\BiroBiro\BiroBiro\Library\PackageCache\com.unity.visualscripting@1.8.0\Editor\VisualScripting.Core\Dependencies\YamlDotNet\Unity.VisualScripting.YamlDotNet.dll
Symbol file LoadedFromMemory doesn't match image C:\Users\User\Documents\GitHubArchives\BiroBiro\BiroBiro\Library\PackageCache\com.unity.visualscripting@1.8.0\Editor\VisualScripting.Core\Dependencies\DotNetZip\Unity.VisualScripting.IonicZip.dll
Native extension for WindowsStandalone target not found
Refreshing native plugins compatible for Editor in 273.44 ms, found 4 plugins.
Preloading 0 native plugins for Editor in 0.00 ms.
Mono: successfully reloaded assembly
- Completed reload, in  8.567 seconds
Domain Reload Profiling:
	ReloadAssembly (8572ms)
		BeginReloadAssembly (847ms)
			ExecutionOrderSort (0ms)
			DisableScriptedObjects (41ms)
			BackupInstance (0ms)
			ReleaseScriptingObjects (0ms)
			CreateAndSetChildDomain (77ms)
		EndReloadAssembly (6957ms)
			LoadAssemblies (1177ms)
			RebuildTransferFunctionScriptingTraits (1ms)
			SetupTypeCache (3199ms)
			ReleaseScriptCaches (2ms)
			RebuildScriptCaches (243ms)
			SetupLoadedEditorAssemblies (2460ms)
				LogAssemblyErrors (0ms)
				InitializePlatformSupportModulesInManaged (8ms)
				SetLoadedEditorAssemblies (0ms)
				RefreshPlugins (274ms)
				BeforeProcessingInitializeOnLoad (324ms)
				ProcessInitializeOnLoadAttributes (1708ms)
				ProcessInitializeOnLoadMethodAttributes (132ms)
				AfterProcessingInitializeOnLoad (8ms)
				EditorAssembliesLoaded (7ms)
			ExecutionOrderSort2 (0ms)
			AwakeInstancesAfterBackupRestoration (16ms)
Platform modules already initialized, skipping
========================================================================
Worker process is ready to serve import requests
Launched and connected shader compiler UnityShaderCompiler.exe after 0.33 seconds
Refreshing native plugins compatible for Editor in 5.11 ms, found 4 plugins.
Preloading 0 native plugins for Editor in 0.00 ms.
Unloading 4428 Unused Serialized files (Serialized files now loaded: 0)
Unloading 47 unused Assets / (229.1 KB). Loaded Objects now: 4880.
Memory consumption went from 166.2 MB to 165.9 MB.
Total: 109.676074 ms (FindLiveObjects: 3.060495 ms CreateObjectMapping: 5.031835 ms MarkObjects: 100.442768 ms  DeleteObjects: 1.137252 ms)

AssetImportParameters requested are different than current active one (requested -> active):
  custom:video-decoder-ogg-theora: a1e56fd34408186e4bbccfd4996cb3dc -> 
  custom:container-muxer-webm: aa71ff27fc2769a1b78a27578f13a17b -> 
  custom:container-demuxer-webm: 4f35f7cbe854078d1ac9338744f61a02 -> 
  custom:video-encoder-webm-vp8: eb34c28f22e8b96e1ab97ce403110664 -> 
  custom:video-codec-MediaFoundation-h265: 55f8c8538cf0483ab7069ead6b737db2 -> 
  custom:audio-encoder-webm-vorbis: bf7c407c2cedff20999df2af8eb42d56 -> 
  custom:framework-win-MediaFoundation: 216162199b28c13a410421893ffa2e32 -> 
  custom:container-demuxer-ogg: 62fdf1f143b41e24485cea50d1cbac27 -> 
  custom:video-decoder-webm-vp8: 9c59270c3fd7afecdb556c50c9e8de78 -> 
  custom:audio-decoder-ogg-vorbis: bf7c407c2cedff20999df2af8eb42d56 -> 
========================================================================
Received Import Request.
  Time since last request: 667.266162 seconds.
  path: Assets/Scripts/GameManager.cs
  artifactKey: Guid(7cdcfaf655018a5449aa81c77d6623da) Importer(815301076,1909f56bfc062723c751e8b465ee728b)
Start importing Assets/Scripts/GameManager.cs using Guid(7cdcfaf655018a5449aa81c77d6623da) Importer(815301076,1909f56bfc062723c751e8b465ee728b)  -> (artifact id: 'fd12fed20890ba687aa8e3fb82320a24') in 0.117724 seconds 
========================================================================
Received Import Request.
  Time since last request: 195.188250 seconds.
  path: Assets/Scripts/GameManager.cs
  artifactKey: Guid(7cdcfaf655018a5449aa81c77d6623da) Importer(815301076,1909f56bfc062723c751e8b465ee728b)
Start importing Assets/Scripts/GameManager.cs using Guid(7cdcfaf655018a5449aa81c77d6623da) Importer(815301076,1909f56bfc062723c751e8b465ee728b)  -> (artifact id: '00000000000000000000000000000000') in 0.046894 seconds  code(4) message(Build asset version error: assets/scripts/gamemanager.cs in SourceAssetDB has modification time of '2023-09-10T22:00:18.0209626Z' while content on disk has modification time of '2023-09-10T22:00:19.3882065Z')
  ERROR: Build asset version error: assets/scripts/gamemanager.cs in SourceAssetDB has modification time of '2023-09-10T22:00:18.0209626Z' while content on disk has modification time of '2023-09-10T22:00:19.3882065Z'
========================================================================
Received Prepare
Registering precompiled user dll's ...
Registered in 0.070409 seconds.
Begin MonoManager ReloadAssembly
Symbol file LoadedFromMemory doesn't match image C:\Users\User\Documents\GitHubArchives\BiroBiro\BiroBiro\Library\PackageCache\com.unity.visualscripting@1.8.0\Editor\VisualScripting.Core\Dependencies\YamlDotNet\Unity.VisualScripting.YamlDotNet.dll
Symbol file LoadedFromMemory doesn't match image C:\Users\User\Documents\GitHubArchives\BiroBiro\BiroBiro\Library\PackageCache\com.unity.visualscripting@1.8.0\Editor\VisualScripting.Core\Dependencies\DotNetZip\Unity.VisualScripting.IonicZip.dll
Native extension for WindowsStandalone target not found
Refreshing native plugins compatible for Editor in 2.58 ms, found 4 plugins.
Preloading 0 native plugins for Editor in 0.00 ms.
Mono: successfully reloaded assembly
- Completed reload, in 11.161 seconds
Domain Reload Profiling:
	ReloadAssembly (11170ms)
		BeginReloadAssembly (4643ms)
			ExecutionOrderSort (1ms)
			DisableScriptedObjects (1046ms)
			BackupInstance (0ms)
			ReleaseScriptingObjects (0ms)
			CreateAndSetChildDomain (811ms)
		EndReloadAssembly (5890ms)
			LoadAssemblies (1556ms)
			RebuildTransferFunctionScriptingTraits (7ms)
			SetupTypeCache (1767ms)
			ReleaseScriptCaches (34ms)
			RebuildScriptCaches (562ms)
			SetupLoadedEditorAssemblies (2590ms)
				LogAssemblyErrors (0ms)
				InitializePlatformSupportModulesInManaged (97ms)
				SetLoadedEditorAssemblies (21ms)
				RefreshPlugins (3ms)
				BeforeProcessingInitializeOnLoad (434ms)
				ProcessInitializeOnLoadAttributes (1814ms)
				ProcessInitializeOnLoadMethodAttributes (204ms)
				AfterProcessingInitializeOnLoad (16ms)
				EditorAssembliesLoaded (1ms)
			ExecutionOrderSort2 (0ms)
			AwakeInstancesAfterBackupRestoration (75ms)
Platform modules already initialized, skipping
Refreshing native plugins compatible for Editor in 8.21 ms, found 4 plugins.
Preloading 0 native plugins for Editor in 0.00 ms.
Unloading 4410 Unused Serialized files (Serialized files now loaded: 0)
Unloading 32 unused Assets / (195.7 KB). Loaded Objects now: 4883.
Memory consumption went from 164.3 MB to 164.1 MB.
Total: 43.824071 ms (FindLiveObjects: 0.575297 ms CreateObjectMapping: 1.105912 ms MarkObjects: 40.918726 ms  DeleteObjects: 1.221964 ms)

AssetImportParameters requested are different than current active one (requested -> active):
  custom:video-decoder-ogg-theora: a1e56fd34408186e4bbccfd4996cb3dc -> 
  custom:container-muxer-webm: aa71ff27fc2769a1b78a27578f13a17b -> 
  custom:container-demuxer-webm: 4f35f7cbe854078d1ac9338744f61a02 -> 
  custom:video-encoder-webm-vp8: eb34c28f22e8b96e1ab97ce403110664 -> 
  custom:video-codec-MediaFoundation-h265: 55f8c8538cf0483ab7069ead6b737db2 -> 
  custom:audio-encoder-webm-vorbis: bf7c407c2cedff20999df2af8eb42d56 -> 
  custom:framework-win-MediaFoundation: 216162199b28c13a410421893ffa2e32 -> 
  custom:container-demuxer-ogg: 62fdf1f143b41e24485cea50d1cbac27 -> 
  custom:video-decoder-webm-vp8: 9c59270c3fd7afecdb556c50c9e8de78 -> 
  custom:audio-decoder-ogg-vorbis: bf7c407c2cedff20999df2af8eb42d56 -> 
========================================================================
Received Prepare
Registering precompiled user dll's ...
Registered in 0.011497 seconds.
Begin MonoManager ReloadAssembly
Symbol file LoadedFromMemory doesn't match image C:\Users\User\Documents\GitHubArchives\BiroBiro\BiroBiro\Library\PackageCache\com.unity.visualscripting@1.8.0\Editor\VisualScripting.Core\Dependencies\YamlDotNet\Unity.VisualScripting.YamlDotNet.dll
Symbol file LoadedFromMemory doesn't match image C:\Users\User\Documents\GitHubArchives\BiroBiro\BiroBiro\Library\PackageCache\com.unity.visualscripting@1.8.0\Editor\VisualScripting.Core\Dependencies\DotNetZip\Unity.VisualScripting.IonicZip.dll
Native extension for WindowsStandalone target not found
Refreshing native plugins compatible for Editor in 1.40 ms, found 4 plugins.
Preloading 0 native plugins for Editor in 0.00 ms.
Mono: successfully reloaded assembly
- Completed reload, in  3.915 seconds
Domain Reload Profiling:
	ReloadAssembly (3916ms)
		BeginReloadAssembly (426ms)
			ExecutionOrderSort (0ms)
			DisableScriptedObjects (25ms)
			BackupInstance (0ms)
			ReleaseScriptingObjects (1ms)
			CreateAndSetChildDomain (94ms)
		EndReloadAssembly (3176ms)
			LoadAssemblies (296ms)
			RebuildTransferFunctionScriptingTraits (0ms)
			SetupTypeCache (733ms)
			ReleaseScriptCaches (4ms)
			RebuildScriptCaches (163ms)
			SetupLoadedEditorAssemblies (1868ms)
				LogAssemblyErrors (0ms)
				InitializePlatformSupportModulesInManaged (32ms)
				SetLoadedEditorAssemblies (1ms)
				RefreshPlugins (1ms)
				BeforeProcessingInitializeOnLoad (216ms)
				ProcessInitializeOnLoadAttributes (1505ms)
				ProcessInitializeOnLoadMethodAttributes (98ms)
				AfterProcessingInitializeOnLoad (15ms)
				EditorAssembliesLoaded (0ms)
			ExecutionOrderSort2 (0ms)
			AwakeInstancesAfterBackupRestoration (19ms)
Platform modules already initialized, skipping
Refreshing native plugins compatible for Editor in 23.42 ms, found 4 plugins.
Preloading 0 native plugins for Editor in 0.00 ms.
Unloading 4410 Unused Serialized files (Serialized files now loaded: 0)
Unloading 32 unused Assets / (195.7 KB). Loaded Objects now: 4886.
Memory consumption went from 164.3 MB to 164.1 MB.
Total: 15.699972 ms (FindLiveObjects: 0.712450 ms CreateObjectMapping: 0.317438 ms MarkObjects: 14.376539 ms  DeleteObjects: 0.291062 ms)

AssetImportParameters requested are different than current active one (requested -> active):
  custom:video-decoder-ogg-theora: a1e56fd34408186e4bbccfd4996cb3dc -> 
  custom:container-muxer-webm: aa71ff27fc2769a1b78a27578f13a17b -> 
  custom:container-demuxer-webm: 4f35f7cbe854078d1ac9338744f61a02 -> 
  custom:video-encoder-webm-vp8: eb34c28f22e8b96e1ab97ce403110664 -> 
  custom:video-codec-MediaFoundation-h265: 55f8c8538cf0483ab7069ead6b737db2 -> 
  custom:audio-encoder-webm-vorbis: bf7c407c2cedff20999df2af8eb42d56 -> 
  custom:framework-win-MediaFoundation: 216162199b28c13a410421893ffa2e32 -> 
  custom:container-demuxer-ogg: 62fdf1f143b41e24485cea50d1cbac27 -> 
  custom:video-decoder-webm-vp8: 9c59270c3fd7afecdb556c50c9e8de78 -> 
  custom:audio-decoder-ogg-vorbis: bf7c407c2cedff20999df2af8eb42d56 -> 
========================================================================
Received Import Request.
  Time since last request: 76.578839 seconds.
  path: Assets/Scripts/GameManager.cs
  artifactKey: Guid(7cdcfaf655018a5449aa81c77d6623da) Importer(815301076,1909f56bfc062723c751e8b465ee728b)
Start importing Assets/Scripts/GameManager.cs using Guid(7cdcfaf655018a5449aa81c77d6623da) Importer(815301076,1909f56bfc062723c751e8b465ee728b)  -> (artifact id: '0cec3e52d83b4b8568d90ff7800a3008') in 0.108507 seconds 
========================================================================
Received Import Request.
  Time since last request: 0.657453 seconds.
  path: Assets/Scripts/GameManager.cs
  artifactKey: Guid(7cdcfaf655018a5449aa81c77d6623da) Importer(815301076,1909f56bfc062723c751e8b465ee728b)
Start importing Assets/Scripts/GameManager.cs using Guid(7cdcfaf655018a5449aa81c77d6623da) Importer(815301076,1909f56bfc062723c751e8b465ee728b)  -> (artifact id: '7994841e73b3863186f05597609e8a82') in 0.003033 seconds 
========================================================================
Received Prepare
Registering precompiled user dll's ...
Registered in 0.018960 seconds.
Begin MonoManager ReloadAssembly
Symbol file LoadedFromMemory doesn't match image C:\Users\User\Documents\GitHubArchives\BiroBiro\BiroBiro\Library\PackageCache\com.unity.visualscripting@1.8.0\Editor\VisualScripting.Core\Dependencies\YamlDotNet\Unity.VisualScripting.YamlDotNet.dll
Symbol file LoadedFromMemory doesn't match image C:\Users\User\Documents\GitHubArchives\BiroBiro\BiroBiro\Library\PackageCache\com.unity.visualscripting@1.8.0\Editor\VisualScripting.Core\Dependencies\DotNetZip\Unity.VisualScripting.IonicZip.dll
Native extension for WindowsStandalone target not found
Refreshing native plugins compatible for Editor in 2.70 ms, found 4 plugins.
Preloading 0 native plugins for Editor in 0.00 ms.
Mono: successfully reloaded assembly
- Completed reload, in  2.529 seconds
Domain Reload Profiling:
	ReloadAssembly (2530ms)
		BeginReloadAssembly (299ms)
			ExecutionOrderSort (0ms)
			DisableScriptedObjects (13ms)
			BackupInstance (0ms)
			ReleaseScriptingObjects (0ms)
			CreateAndSetChildDomain (68ms)
		EndReloadAssembly (2038ms)
			LoadAssemblies (221ms)
			RebuildTransferFunctionScriptingTraits (0ms)
			SetupTypeCache (498ms)
			ReleaseScriptCaches (2ms)
			RebuildScriptCaches (100ms)
			SetupLoadedEditorAssemblies (1131ms)
				LogAssemblyErrors (0ms)
				InitializePlatformSupportModulesInManaged (34ms)
				SetLoadedEditorAssemblies (1ms)
				RefreshPlugins (3ms)
				BeforeProcessingInitializeOnLoad (144ms)
				ProcessInitializeOnLoadAttributes (858ms)
				ProcessInitializeOnLoadMethodAttributes (80ms)
				AfterProcessingInitializeOnLoad (11ms)
				EditorAssembliesLoaded (0ms)
			ExecutionOrderSort2 (0ms)
			AwakeInstancesAfterBackupRestoration (14ms)
Platform modules already initialized, skipping
Refreshing native plugins compatible for Editor in 27.64 ms, found 4 plugins.
Preloading 0 native plugins for Editor in 0.00 ms.
Unloading 4410 Unused Serialized files (Serialized files now loaded: 0)
Unloading 32 unused Assets / (195.6 KB). Loaded Objects now: 4889.
Memory consumption went from 164.3 MB to 164.1 MB.
Total: 7.648911 ms (FindLiveObjects: 0.379187 ms CreateObjectMapping: 0.260032 ms MarkObjects: 6.669292 ms  DeleteObjects: 0.338848 ms)

AssetImportParameters requested are different than current active one (requested -> active):
  custom:video-decoder-ogg-theora: a1e56fd34408186e4bbccfd4996cb3dc -> 
  custom:container-muxer-webm: aa71ff27fc2769a1b78a27578f13a17b -> 
  custom:container-demuxer-webm: 4f35f7cbe854078d1ac9338744f61a02 -> 
  custom:video-encoder-webm-vp8: eb34c28f22e8b96e1ab97ce403110664 -> 
  custom:video-codec-MediaFoundation-h265: 55f8c8538cf0483ab7069ead6b737db2 -> 
  custom:audio-encoder-webm-vorbis: bf7c407c2cedff20999df2af8eb42d56 -> 
  custom:framework-win-MediaFoundation: 216162199b28c13a410421893ffa2e32 -> 
  custom:container-demuxer-ogg: 62fdf1f143b41e24485cea50d1cbac27 -> 
  custom:video-decoder-webm-vp8: 9c59270c3fd7afecdb556c50c9e8de78 -> 
  custom:audio-decoder-ogg-vorbis: bf7c407c2cedff20999df2af8eb42d56 -> 
========================================================================
Received Import Request.
  Time since last request: 28.332116 seconds.
  path: ProjectSettings/TagManager.asset
  artifactKey: Guid(00000000000000003000000000000000) Importer(815301076,1909f56bfc062723c751e8b465ee728b)
Start importing ProjectSettings/TagManager.asset using Guid(00000000000000003000000000000000) Importer(815301076,1909f56bfc062723c751e8b465ee728b)  -> (artifact id: '4dc7e4060eb5f6afaaf092274af6be75') in 0.328517 seconds 
========================================================================
Received Prepare
Registering precompiled user dll's ...
Registered in 0.013653 seconds.
Begin MonoManager ReloadAssembly
Symbol file LoadedFromMemory doesn't match image C:\Users\User\Documents\GitHubArchives\BiroBiro\BiroBiro\Library\PackageCache\com.unity.visualscripting@1.8.0\Editor\VisualScripting.Core\Dependencies\YamlDotNet\Unity.VisualScripting.YamlDotNet.dll
Symbol file LoadedFromMemory doesn't match image C:\Users\User\Documents\GitHubArchives\BiroBiro\BiroBiro\Library\PackageCache\com.unity.visualscripting@1.8.0\Editor\VisualScripting.Core\Dependencies\DotNetZip\Unity.VisualScripting.IonicZip.dll
Native extension for WindowsStandalone target not found
Refreshing native plugins compatible for Editor in 2.63 ms, found 4 plugins.
Preloading 0 native plugins for Editor in 0.00 ms.
Mono: successfully reloaded assembly
- Completed reload, in  5.085 seconds
Domain Reload Profiling:
	ReloadAssembly (5089ms)
		BeginReloadAssembly (697ms)
			ExecutionOrderSort (0ms)
			DisableScriptedObjects (59ms)
			BackupInstance (0ms)
			ReleaseScriptingObjects (0ms)
			CreateAndSetChildDomain (272ms)
		EndReloadAssembly (4022ms)
			LoadAssemblies (333ms)
			RebuildTransferFunctionScriptingTraits (0ms)
			SetupTypeCache (989ms)
			ReleaseScriptCaches (7ms)
			RebuildScriptCaches (201ms)
			SetupLoadedEditorAssemblies (2329ms)
				LogAssemblyErrors (0ms)
				InitializePlatformSupportModulesInManaged (42ms)
				SetLoadedEditorAssemblies (4ms)
				RefreshPlugins (3ms)
				BeforeProcessingInitializeOnLoad (288ms)
				ProcessInitializeOnLoadAttributes (1838ms)
				ProcessInitializeOnLoadMethodAttributes (122ms)
				AfterProcessingInitializeOnLoad (31ms)
				EditorAssembliesLoaded (1ms)
			ExecutionOrderSort2 (0ms)
			AwakeInstancesAfterBackupRestoration (34ms)
Platform modules already initialized, skipping
Refreshing native plugins compatible for Editor in 12.64 ms, found 4 plugins.
Preloading 0 native plugins for Editor in 0.00 ms.
Unloading 4410 Unused Serialized files (Serialized files now loaded: 0)
Unloading 33 unused Assets / (195.7 KB). Loaded Objects now: 4893.
Memory consumption went from 164.4 MB to 164.2 MB.
Total: 12.199160 ms (FindLiveObjects: 0.589261 ms CreateObjectMapping: 0.342262 ms MarkObjects: 10.809323 ms  DeleteObjects: 0.455521 ms)

AssetImportParameters requested are different than current active one (requested -> active):
  custom:video-decoder-ogg-theora: a1e56fd34408186e4bbccfd4996cb3dc -> 
  custom:container-muxer-webm: aa71ff27fc2769a1b78a27578f13a17b -> 
  custom:container-demuxer-webm: 4f35f7cbe854078d1ac9338744f61a02 -> 
  custom:video-encoder-webm-vp8: eb34c28f22e8b96e1ab97ce403110664 -> 
  custom:video-codec-MediaFoundation-h265: 55f8c8538cf0483ab7069ead6b737db2 -> 
  custom:audio-encoder-webm-vorbis: bf7c407c2cedff20999df2af8eb42d56 -> 
  custom:framework-win-MediaFoundation: 216162199b28c13a410421893ffa2e32 -> 
  custom:container-demuxer-ogg: 62fdf1f143b41e24485cea50d1cbac27 -> 
  custom:video-decoder-webm-vp8: 9c59270c3fd7afecdb556c50c9e8de78 -> 
  custom:audio-decoder-ogg-vorbis: bf7c407c2cedff20999df2af8eb42d56 -> 
========================================================================
Received Import Request.
  Time since last request: 186.623289 seconds.
  path: Assets/Wall.physicMaterial
  artifactKey: Guid(3155175b7e32e7e47ad20d042dc05aa6) Importer(815301076,1909f56bfc062723c751e8b465ee728b)
Start importing Assets/Wall.physicMaterial using Guid(3155175b7e32e7e47ad20d042dc05aa6) Importer(815301076,1909f56bfc062723c751e8b465ee728b)  -> (artifact id: 'f266b96da539a550221676ae38f38901') in 0.045459 seconds 
========================================================================
Received Import Request.
  Time since last request: 11.373714 seconds.
  path: Packages/com.unity.2d.sprite/Editor/ObjectMenuCreation/DefaultAssets/Textures/v2/Square.png
  artifactKey: Guid(311925a002f4447b3a28927169b83ea6) Importer(815301076,1909f56bfc062723c751e8b465ee728b)
Start importing Packages/com.unity.2d.sprite/Editor/ObjectMenuCreation/DefaultAssets/Textures/v2/Square.png using Guid(311925a002f4447b3a28927169b83ea6) Importer(815301076,1909f56bfc062723c751e8b465ee728b)  -> (artifact id: '72a4a048ac59a8cbae31eb14308db9cb') in 0.314377 seconds 
========================================================================
Received Import Request.
  Time since last request: 14.780887 seconds.
  path: Assets/wall.mat
  artifactKey: Guid(be0db76110c7c96489f26d3ff467c394) Importer(815301076,1909f56bfc062723c751e8b465ee728b)
Start importing Assets/wall.mat using Guid(be0db76110c7c96489f26d3ff467c394) Importer(815301076,1909f56bfc062723c751e8b465ee728b)  -> (artifact id: '31f4fb8591c90dcec21dd92ec3fa1590') in 0.501262 seconds 
========================================================================
Received Import Request.
  Time since last request: 70.319426 seconds.
  path: Assets/Wall.physicsMaterial2D
  artifactKey: Guid(56d1d7b607aabb448a024ce2a18c9202) Importer(815301076,1909f56bfc062723c751e8b465ee728b)
Start importing Assets/Wall.physicsMaterial2D using Guid(56d1d7b607aabb448a024ce2a18c9202) Importer(815301076,1909f56bfc062723c751e8b465ee728b)  -> (artifact id: '0e5da7e4b57d90e2c5fcf2d9dff2b1aa') in 0.010303 seconds 
========================================================================
Received Import Request.
  Time since last request: 23.928205 seconds.
  path: Assets/Wall.physicsMaterial2D
  artifactKey: Guid(56d1d7b607aabb448a024ce2a18c9202) Importer(815301076,1909f56bfc062723c751e8b465ee728b)
Start importing Assets/Wall.physicsMaterial2D using Guid(56d1d7b607aabb448a024ce2a18c9202) Importer(815301076,1909f56bfc062723c751e8b465ee728b)  -> (artifact id: 'fed96988a5090af7de7e22d9c2106e01') in 0.008716 seconds 
========================================================================
Received Prepare
Registering precompiled user dll's ...
Registered in 0.010443 seconds.
Begin MonoManager ReloadAssembly
Symbol file LoadedFromMemory doesn't match image C:\Users\User\Documents\GitHubArchives\BiroBiro\BiroBiro\Library\PackageCache\com.unity.visualscripting@1.8.0\Editor\VisualScripting.Core\Dependencies\YamlDotNet\Unity.VisualScripting.YamlDotNet.dll
Symbol file LoadedFromMemory doesn't match image C:\Users\User\Documents\GitHubArchives\BiroBiro\BiroBiro\Library\PackageCache\com.unity.visualscripting@1.8.0\Editor\VisualScripting.Core\Dependencies\DotNetZip\Unity.VisualScripting.IonicZip.dll
Native extension for WindowsStandalone target not found
Refreshing native plugins compatible for Editor in 1.35 ms, found 4 plugins.
Preloading 0 native plugins for Editor in 0.00 ms.
Mono: successfully reloaded assembly
- Completed reload, in  4.559 seconds
Domain Reload Profiling:
	ReloadAssembly (4563ms)
		BeginReloadAssembly (455ms)
			ExecutionOrderSort (0ms)
			DisableScriptedObjects (25ms)
			BackupInstance (0ms)
			ReleaseScriptingObjects (2ms)
			CreateAndSetChildDomain (177ms)
		EndReloadAssembly (3727ms)
			LoadAssemblies (247ms)
			RebuildTransferFunctionScriptingTraits (0ms)
			SetupTypeCache (976ms)
			ReleaseScriptCaches (5ms)
			RebuildScriptCaches (183ms)
			SetupLoadedEditorAssemblies (2097ms)
				LogAssemblyErrors (0ms)
				InitializePlatformSupportModulesInManaged (38ms)
				SetLoadedEditorAssemblies (1ms)
				RefreshPlugins (1ms)
				BeforeProcessingInitializeOnLoad (307ms)
				ProcessInitializeOnLoadAttributes (1607ms)
				ProcessInitializeOnLoadMethodAttributes (124ms)
				AfterProcessingInitializeOnLoad (18ms)
				EditorAssembliesLoaded (1ms)
			ExecutionOrderSort2 (0ms)
			AwakeInstancesAfterBackupRestoration (26ms)
Platform modules already initialized, skipping
Refreshing native plugins compatible for Editor in 18.95 ms, found 4 plugins.
Preloading 0 native plugins for Editor in 0.00 ms.
Unloading 4410 Unused Serialized files (Serialized files now loaded: 0)
Unloading 32 unused Assets / (195.8 KB). Loaded Objects now: 4939.
Memory consumption went from 169.0 MB to 168.8 MB.
Total: 11.699576 ms (FindLiveObjects: 0.424491 ms CreateObjectMapping: 0.242655 ms MarkObjects: 10.802186 ms  DeleteObjects: 0.228381 ms)

AssetImportParameters requested are different than current active one (requested -> active):
  custom:video-decoder-ogg-theora: a1e56fd34408186e4bbccfd4996cb3dc -> 
  custom:container-muxer-webm: aa71ff27fc2769a1b78a27578f13a17b -> 
  custom:container-demuxer-webm: 4f35f7cbe854078d1ac9338744f61a02 -> 
  custom:video-encoder-webm-vp8: eb34c28f22e8b96e1ab97ce403110664 -> 
  custom:video-codec-MediaFoundation-h265: 55f8c8538cf0483ab7069ead6b737db2 -> 
  custom:audio-encoder-webm-vorbis: bf7c407c2cedff20999df2af8eb42d56 -> 
  custom:framework-win-MediaFoundation: 216162199b28c13a410421893ffa2e32 -> 
  custom:container-demuxer-ogg: 62fdf1f143b41e24485cea50d1cbac27 -> 
  custom:video-decoder-webm-vp8: 9c59270c3fd7afecdb556c50c9e8de78 -> 
  custom:audio-decoder-ogg-vorbis: bf7c407c2cedff20999df2af8eb42d56 -> 
========================================================================
Received Import Request.
  Time since last request: 1174.472757 seconds.
  path: Assets/Scripts/PlayerData.cs
  artifactKey: Guid(d5a00347df8529b4da53f11b7d6af80b) Importer(815301076,1909f56bfc062723c751e8b465ee728b)
Start importing Assets/Scripts/PlayerData.cs using Guid(d5a00347df8529b4da53f11b7d6af80b) Importer(815301076,1909f56bfc062723c751e8b465ee728b)  -> (artifact id: '88c1905c7b373e432d2952381ad27846') in 2.004392 seconds 
========================================================================
Received Prepare
Registering precompiled user dll's ...
Registered in 0.116859 seconds.
Begin MonoManager ReloadAssembly
Symbol file LoadedFromMemory doesn't match image C:\Users\User\Documents\GitHubArchives\BiroBiro\BiroBiro\Library\PackageCache\com.unity.visualscripting@1.8.0\Editor\VisualScripting.Core\Dependencies\YamlDotNet\Unity.VisualScripting.YamlDotNet.dll
Symbol file LoadedFromMemory doesn't match image C:\Users\User\Documents\GitHubArchives\BiroBiro\BiroBiro\Library\PackageCache\com.unity.visualscripting@1.8.0\Editor\VisualScripting.Core\Dependencies\DotNetZip\Unity.VisualScripting.IonicZip.dll
Native extension for WindowsStandalone target not found
Refreshing native plugins compatible for Editor in 6.48 ms, found 4 plugins.
Preloading 0 native plugins for Editor in 0.00 ms.
Mono: successfully reloaded assembly
- Completed reload, in  7.448 seconds
Domain Reload Profiling:
	ReloadAssembly (7460ms)
		BeginReloadAssembly (2728ms)
			ExecutionOrderSort (1ms)
			DisableScriptedObjects (201ms)
			BackupInstance (0ms)
			ReleaseScriptingObjects (0ms)
			CreateAndSetChildDomain (1669ms)
		EndReloadAssembly (4362ms)
			LoadAssemblies (1143ms)
			RebuildTransferFunctionScriptingTraits (3ms)
			SetupTypeCache (1006ms)
			ReleaseScriptCaches (8ms)
			RebuildScriptCaches (241ms)
			SetupLoadedEditorAssemblies (1880ms)
				LogAssemblyErrors (0ms)
				InitializePlatformSupportModulesInManaged (108ms)
				SetLoadedEditorAssemblies (5ms)
				RefreshPlugins (7ms)
				BeforeProcessingInitializeOnLoad (215ms)
				ProcessInitializeOnLoadAttributes (1361ms)
				ProcessInitializeOnLoadMethodAttributes (165ms)
				AfterProcessingInitializeOnLoad (18ms)
				EditorAssembliesLoaded (0ms)
			ExecutionOrderSort2 (0ms)
			AwakeInstancesAfterBackupRestoration (101ms)
Platform modules already initialized, skipping
Refreshing native plugins compatible for Editor in 7.97 ms, found 4 plugins.
Preloading 0 native plugins for Editor in 0.00 ms.
Unloading 4411 Unused Serialized files (Serialized files now loaded: 0)
Unloading 32 unused Assets / (195.6 KB). Loaded Objects now: 4943.
Memory consumption went from 169.0 MB to 168.9 MB.
Total: 55.741167 ms (FindLiveObjects: 0.556990 ms CreateObjectMapping: 0.673042 ms MarkObjects: 53.168154 ms  DeleteObjects: 1.339258 ms)

AssetImportParameters requested are different than current active one (requested -> active):
  custom:video-decoder-ogg-theora: a1e56fd34408186e4bbccfd4996cb3dc -> 
  custom:container-muxer-webm: aa71ff27fc2769a1b78a27578f13a17b -> 
  custom:container-demuxer-webm: 4f35f7cbe854078d1ac9338744f61a02 -> 
  custom:video-encoder-webm-vp8: eb34c28f22e8b96e1ab97ce403110664 -> 
  custom:video-codec-MediaFoundation-h265: 55f8c8538cf0483ab7069ead6b737db2 -> 
  custom:audio-encoder-webm-vorbis: bf7c407c2cedff20999df2af8eb42d56 -> 
  custom:framework-win-MediaFoundation: 216162199b28c13a410421893ffa2e32 -> 
  custom:container-demuxer-ogg: 62fdf1f143b41e24485cea50d1cbac27 -> 
  custom:video-decoder-webm-vp8: 9c59270c3fd7afecdb556c50c9e8de78 -> 
  custom:audio-decoder-ogg-vorbis: bf7c407c2cedff20999df2af8eb42d56 -> 
========================================================================
Received Prepare
Registering precompiled user dll's ...
Registered in 0.010032 seconds.
Begin MonoManager ReloadAssembly
Symbol file LoadedFromMemory doesn't match image C:\Users\User\Documents\GitHubArchives\BiroBiro\BiroBiro\Library\PackageCache\com.unity.visualscripting@1.8.0\Editor\VisualScripting.Core\Dependencies\YamlDotNet\Unity.VisualScripting.YamlDotNet.dll
Symbol file LoadedFromMemory doesn't match image C:\Users\User\Documents\GitHubArchives\BiroBiro\BiroBiro\Library\PackageCache\com.unity.visualscripting@1.8.0\Editor\VisualScripting.Core\Dependencies\DotNetZip\Unity.VisualScripting.IonicZip.dll
Native extension for WindowsStandalone target not found
Refreshing native plugins compatible for Editor in 1.39 ms, found 4 plugins.
Preloading 0 native plugins for Editor in 0.00 ms.
Mono: successfully reloaded assembly
- Completed reload, in  5.245 seconds
Domain Reload Profiling:
	ReloadAssembly (5248ms)
		BeginReloadAssembly (615ms)
			ExecutionOrderSort (0ms)
			DisableScriptedObjects (26ms)
			BackupInstance (0ms)
			ReleaseScriptingObjects (0ms)
			CreateAndSetChildDomain (229ms)
		EndReloadAssembly (4361ms)
			LoadAssemblies (319ms)
			RebuildTransferFunctionScriptingTraits (0ms)
			SetupTypeCache (836ms)
			ReleaseScriptCaches (2ms)
			RebuildScriptCaches (72ms)
			SetupLoadedEditorAssemblies (1991ms)
				LogAssemblyErrors (0ms)
				InitializePlatformSupportModulesInManaged (17ms)
				SetLoadedEditorAssemblies (1ms)
				RefreshPlugins (1ms)
				BeforeProcessingInitializeOnLoad (114ms)
				ProcessInitializeOnLoadAttributes (1723ms)
				ProcessInitializeOnLoadMethodAttributes (124ms)
				AfterProcessingInitializeOnLoad (11ms)
				EditorAssembliesLoaded (0ms)
			ExecutionOrderSort2 (0ms)
			AwakeInstancesAfterBackupRestoration (19ms)
Platform modules already initialized, skipping
Refreshing native plugins compatible for Editor in 10.37 ms, found 4 plugins.
Preloading 0 native plugins for Editor in 0.00 ms.
Unloading 4411 Unused Serialized files (Serialized files now loaded: 0)
Unloading 32 unused Assets / (195.6 KB). Loaded Objects now: 4946.
Memory consumption went from 169.0 MB to 168.9 MB.
Total: 17.972924 ms (FindLiveObjects: 0.456763 ms CreateObjectMapping: 0.236449 ms MarkObjects: 17.032713 ms  DeleteObjects: 0.244827 ms)

AssetImportParameters requested are different than current active one (requested -> active):
  custom:video-decoder-ogg-theora: a1e56fd34408186e4bbccfd4996cb3dc -> 
  custom:container-muxer-webm: aa71ff27fc2769a1b78a27578f13a17b -> 
  custom:container-demuxer-webm: 4f35f7cbe854078d1ac9338744f61a02 -> 
  custom:video-encoder-webm-vp8: eb34c28f22e8b96e1ab97ce403110664 -> 
  custom:video-codec-MediaFoundation-h265: 55f8c8538cf0483ab7069ead6b737db2 -> 
  custom:audio-encoder-webm-vorbis: bf7c407c2cedff20999df2af8eb42d56 -> 
  custom:framework-win-MediaFoundation: 216162199b28c13a410421893ffa2e32 -> 
  custom:container-demuxer-ogg: 62fdf1f143b41e24485cea50d1cbac27 -> 
  custom:video-decoder-webm-vp8: 9c59270c3fd7afecdb556c50c9e8de78 -> 
  custom:audio-decoder-ogg-vorbis: bf7c407c2cedff20999df2af8eb42d56 -> 
========================================================================
Received Prepare
Registering precompiled user dll's ...
Registered in 0.020361 seconds.
Begin MonoManager ReloadAssembly
Symbol file LoadedFromMemory doesn't match image C:\Users\User\Documents\GitHubArchives\BiroBiro\BiroBiro\Library\PackageCache\com.unity.visualscripting@1.8.0\Editor\VisualScripting.Core\Dependencies\YamlDotNet\Unity.VisualScripting.YamlDotNet.dll
Symbol file LoadedFromMemory doesn't match image C:\Users\User\Documents\GitHubArchives\BiroBiro\BiroBiro\Library\PackageCache\com.unity.visualscripting@1.8.0\Editor\VisualScripting.Core\Dependencies\DotNetZip\Unity.VisualScripting.IonicZip.dll
Native extension for WindowsStandalone target not found
Refreshing native plugins compatible for Editor in 1.94 ms, found 4 plugins.
Preloading 0 native plugins for Editor in 0.00 ms.
Mono: successfully reloaded assembly
- Completed reload, in  3.696 seconds
Domain Reload Profiling:
	ReloadAssembly (3697ms)
		BeginReloadAssembly (440ms)
			ExecutionOrderSort (0ms)
			DisableScriptedObjects (12ms)
			BackupInstance (0ms)
			ReleaseScriptingObjects (0ms)
			CreateAndSetChildDomain (82ms)
		EndReloadAssembly (3076ms)
			LoadAssemblies (601ms)
			RebuildTransferFunctionScriptingTraits (0ms)
			SetupTypeCache (770ms)
			ReleaseScriptCaches (4ms)
			RebuildScriptCaches (103ms)
			SetupLoadedEditorAssemblies (1652ms)
				LogAssemblyErrors (0ms)
				InitializePlatformSupportModulesInManaged (25ms)
				SetLoadedEditorAssemblies (1ms)
				RefreshPlugins (2ms)
				BeforeProcessingInitializeOnLoad (242ms)
				ProcessInitializeOnLoadAttributes (1280ms)
				ProcessInitializeOnLoadMethodAttributes (88ms)
				AfterProcessingInitializeOnLoad (13ms)
				EditorAssembliesLoaded (1ms)
			ExecutionOrderSort2 (0ms)
			AwakeInstancesAfterBackupRestoration (20ms)
Platform modules already initialized, skipping
Refreshing native plugins compatible for Editor in 16.48 ms, found 4 plugins.
Preloading 0 native plugins for Editor in 0.00 ms.
Unloading 4411 Unused Serialized files (Serialized files now loaded: 0)
Unloading 32 unused Assets / (195.7 KB). Loaded Objects now: 4949.
Memory consumption went from 169.1 MB to 168.9 MB.
Total: 6.888054 ms (FindLiveObjects: 0.456452 ms CreateObjectMapping: 0.222796 ms MarkObjects: 5.980424 ms  DeleteObjects: 0.226519 ms)

AssetImportParameters requested are different than current active one (requested -> active):
  custom:video-decoder-ogg-theora: a1e56fd34408186e4bbccfd4996cb3dc -> 
  custom:container-muxer-webm: aa71ff27fc2769a1b78a27578f13a17b -> 
  custom:container-demuxer-webm: 4f35f7cbe854078d1ac9338744f61a02 -> 
  custom:video-encoder-webm-vp8: eb34c28f22e8b96e1ab97ce403110664 -> 
  custom:video-codec-MediaFoundation-h265: 55f8c8538cf0483ab7069ead6b737db2 -> 
  custom:audio-encoder-webm-vorbis: bf7c407c2cedff20999df2af8eb42d56 -> 
  custom:framework-win-MediaFoundation: 216162199b28c13a410421893ffa2e32 -> 
  custom:container-demuxer-ogg: 62fdf1f143b41e24485cea50d1cbac27 -> 
  custom:video-decoder-webm-vp8: 9c59270c3fd7afecdb556c50c9e8de78 -> 
  custom:audio-decoder-ogg-vorbis: bf7c407c2cedff20999df2af8eb42d56 -> 
========================================================================
Received Import Request.
  Time since last request: 105.829949 seconds.
  path: Assets/Scripts/Player
  artifactKey: Guid(b4c845a165c18004093522e34a7b9013) Importer(815301076,1909f56bfc062723c751e8b465ee728b)
Start importing Assets/Scripts/Player using Guid(b4c845a165c18004093522e34a7b9013) Importer(815301076,1909f56bfc062723c751e8b465ee728b)  -> (artifact id: '89922cd3e17a75b2e89770c5360fe52a') in 0.027772 seconds 
========================================================================
Received Import Request.
  Time since last request: 0.000073 seconds.
  path: Assets/Scripts/Menu.cs
  artifactKey: Guid(8ef2d5c0b6d0bce40851eca9444d518a) Importer(815301076,1909f56bfc062723c751e8b465ee728b)
Start importing Assets/Scripts/Menu.cs using Guid(8ef2d5c0b6d0bce40851eca9444d518a) Importer(815301076,1909f56bfc062723c751e8b465ee728b)  -> (artifact id: '259b75684673ee5fe634dfd9a250123e') in 0.002867 seconds 
========================================================================
Received Import Request.
  Time since last request: 61.787041 seconds.
  path: Assets/Scripts/Player/PlayerData.cs
  artifactKey: Guid(d5a00347df8529b4da53f11b7d6af80b) Importer(815301076,1909f56bfc062723c751e8b465ee728b)
Start importing Assets/Scripts/Player/PlayerData.cs using Guid(d5a00347df8529b4da53f11b7d6af80b) Importer(815301076,1909f56bfc062723c751e8b465ee728b)  -> (artifact id: 'e5117de7c478ab6155d633add64bed90') in 0.291201 seconds 
========================================================================
Received Prepare
Registering precompiled user dll's ...
Registered in 0.012132 seconds.
Begin MonoManager ReloadAssembly
Symbol file LoadedFromMemory doesn't match image C:\Users\User\Documents\GitHubArchives\BiroBiro\BiroBiro\Library\PackageCache\com.unity.visualscripting@1.8.0\Editor\VisualScripting.Core\Dependencies\YamlDotNet\Unity.VisualScripting.YamlDotNet.dll
Symbol file LoadedFromMemory doesn't match image C:\Users\User\Documents\GitHubArchives\BiroBiro\BiroBiro\Library\PackageCache\com.unity.visualscripting@1.8.0\Editor\VisualScripting.Core\Dependencies\DotNetZip\Unity.VisualScripting.IonicZip.dll
Native extension for WindowsStandalone target not found
Refreshing native plugins compatible for Editor in 1.82 ms, found 4 plugins.
Preloading 0 native plugins for Editor in 0.00 ms.
Mono: successfully reloaded assembly
- Completed reload, in  4.664 seconds
Domain Reload Profiling:
	ReloadAssembly (4670ms)
		BeginReloadAssembly (1976ms)
			ExecutionOrderSort (0ms)
			DisableScriptedObjects (180ms)
			BackupInstance (0ms)
			ReleaseScriptingObjects (1ms)
			CreateAndSetChildDomain (1071ms)
		EndReloadAssembly (2381ms)
			LoadAssemblies (811ms)
			RebuildTransferFunctionScriptingTraits (2ms)
			SetupTypeCache (708ms)
			ReleaseScriptCaches (3ms)
			RebuildScriptCaches (91ms)
			SetupLoadedEditorAssemblies (1022ms)
				LogAssemblyErrors (0ms)
				InitializePlatformSupportModulesInManaged (23ms)
				SetLoadedEditorAssemblies (1ms)
				RefreshPlugins (2ms)
				BeforeProcessingInitializeOnLoad (138ms)
				ProcessInitializeOnLoadAttributes (779ms)
				ProcessInitializeOnLoadMethodAttributes (70ms)
				AfterProcessingInitializeOnLoad (9ms)
				EditorAssembliesLoaded (0ms)
			ExecutionOrderSort2 (0ms)
			AwakeInstancesAfterBackupRestoration (14ms)
Platform modules already initialized, skipping
Refreshing native plugins compatible for Editor in 19.17 ms, found 4 plugins.
Preloading 0 native plugins for Editor in 0.00 ms.
Unloading 4411 Unused Serialized files (Serialized files now loaded: 0)
Unloading 32 unused Assets / (195.7 KB). Loaded Objects now: 4952.
Memory consumption went from 169.1 MB to 168.9 MB.
Total: 18.753020 ms (FindLiveObjects: 0.390979 ms CreateObjectMapping: 0.182457 ms MarkObjects: 17.783951 ms  DeleteObjects: 0.393151 ms)

AssetImportParameters requested are different than current active one (requested -> active):
  custom:video-decoder-ogg-theora: a1e56fd34408186e4bbccfd4996cb3dc -> 
  custom:container-muxer-webm: aa71ff27fc2769a1b78a27578f13a17b -> 
  custom:container-demuxer-webm: 4f35f7cbe854078d1ac9338744f61a02 -> 
  custom:video-encoder-webm-vp8: eb34c28f22e8b96e1ab97ce403110664 -> 
  custom:video-codec-MediaFoundation-h265: 55f8c8538cf0483ab7069ead6b737db2 -> 
  custom:audio-encoder-webm-vorbis: bf7c407c2cedff20999df2af8eb42d56 -> 
  custom:framework-win-MediaFoundation: 216162199b28c13a410421893ffa2e32 -> 
  custom:container-demuxer-ogg: 62fdf1f143b41e24485cea50d1cbac27 -> 
  custom:video-decoder-webm-vp8: 9c59270c3fd7afecdb556c50c9e8de78 -> 
  custom:audio-decoder-ogg-vorbis: bf7c407c2cedff20999df2af8eb42d56 -> 
========================================================================
Received Import Request.
  Time since last request: 160.159909 seconds.
  path: Assets/Scripts/Player/SaveSystem.cs
  artifactKey: Guid(b3618a3a78eb91547804a5c56261aefa) Importer(815301076,1909f56bfc062723c751e8b465ee728b)
Start importing Assets/Scripts/Player/SaveSystem.cs using Guid(b3618a3a78eb91547804a5c56261aefa) Importer(815301076,1909f56bfc062723c751e8b465ee728b)  -> (artifact id: '555cc76668b3c5b6dda730e1891046d4') in 0.120838 seconds 
========================================================================
Received Prepare
Registering precompiled user dll's ...
Registered in 0.014535 seconds.
Begin MonoManager ReloadAssembly
Symbol file LoadedFromMemory doesn't match image C:\Users\User\Documents\GitHubArchives\BiroBiro\BiroBiro\Library\PackageCache\com.unity.visualscripting@1.8.0\Editor\VisualScripting.Core\Dependencies\YamlDotNet\Unity.VisualScripting.YamlDotNet.dll
Symbol file LoadedFromMemory doesn't match image C:\Users\User\Documents\GitHubArchives\BiroBiro\BiroBiro\Library\PackageCache\com.unity.visualscripting@1.8.0\Editor\VisualScripting.Core\Dependencies\DotNetZip\Unity.VisualScripting.IonicZip.dll
Native extension for WindowsStandalone target not found
Refreshing native plugins compatible for Editor in 6.14 ms, found 4 plugins.
Preloading 0 native plugins for Editor in 0.00 ms.
Mono: successfully reloaded assembly
- Completed reload, in  5.363 seconds
Domain Reload Profiling:
	ReloadAssembly (5374ms)
		BeginReloadAssembly (1735ms)
			ExecutionOrderSort (0ms)
			DisableScriptedObjects (254ms)
			BackupInstance (0ms)
			ReleaseScriptingObjects (1ms)
			CreateAndSetChildDomain (584ms)
		EndReloadAssembly (3342ms)
			LoadAssemblies (941ms)
			RebuildTransferFunctionScriptingTraits (0ms)
			SetupTypeCache (954ms)
			ReleaseScriptCaches (3ms)
			RebuildScriptCaches (133ms)
			SetupLoadedEditorAssemblies (1437ms)
				LogAssemblyErrors (0ms)
				InitializePlatformSupportModulesInManaged (31ms)
				SetLoadedEditorAssemblies (1ms)
				RefreshPlugins (6ms)
				BeforeProcessingInitializeOnLoad (183ms)
				ProcessInitializeOnLoadAttributes (1082ms)
				ProcessInitializeOnLoadMethodAttributes (122ms)
				AfterProcessingInitializeOnLoad (11ms)
				EditorAssembliesLoaded (1ms)
			ExecutionOrderSort2 (0ms)
			AwakeInstancesAfterBackupRestoration (25ms)
Platform modules already initialized, skipping
Refreshing native plugins compatible for Editor in 16.74 ms, found 4 plugins.
Preloading 0 native plugins for Editor in 0.00 ms.
Unloading 4412 Unused Serialized files (Serialized files now loaded: 0)
Unloading 32 unused Assets / (195.8 KB). Loaded Objects now: 4956.
Memory consumption went from 169.1 MB to 168.9 MB.
Total: 16.328330 ms (FindLiveObjects: 0.390048 ms CreateObjectMapping: 0.336366 ms MarkObjects: 15.129329 ms  DeleteObjects: 0.470105 ms)

AssetImportParameters requested are different than current active one (requested -> active):
  custom:video-decoder-ogg-theora: a1e56fd34408186e4bbccfd4996cb3dc -> 
  custom:container-muxer-webm: aa71ff27fc2769a1b78a27578f13a17b -> 
  custom:container-demuxer-webm: 4f35f7cbe854078d1ac9338744f61a02 -> 
  custom:video-encoder-webm-vp8: eb34c28f22e8b96e1ab97ce403110664 -> 
  custom:video-codec-MediaFoundation-h265: 55f8c8538cf0483ab7069ead6b737db2 -> 
  custom:audio-encoder-webm-vorbis: bf7c407c2cedff20999df2af8eb42d56 -> 
  custom:framework-win-MediaFoundation: 216162199b28c13a410421893ffa2e32 -> 
  custom:container-demuxer-ogg: 62fdf1f143b41e24485cea50d1cbac27 -> 
  custom:video-decoder-webm-vp8: 9c59270c3fd7afecdb556c50c9e8de78 -> 
  custom:audio-decoder-ogg-vorbis: bf7c407c2cedff20999df2af8eb42d56 -> 
========================================================================
Received Import Request.
  Time since last request: 510.709732 seconds.
  path: Assets/Scripts/Player/Player.cs
  artifactKey: Guid(ef9bfb0e91c19a4409ceb59564eca2b0) Importer(815301076,1909f56bfc062723c751e8b465ee728b)
Start importing Assets/Scripts/Player/Player.cs using Guid(ef9bfb0e91c19a4409ceb59564eca2b0) Importer(815301076,1909f56bfc062723c751e8b465ee728b)  -> (artifact id: 'd69519de3a18a173428447b891146e4a') in 4.664800 seconds 
========================================================================
Received Prepare
Registering precompiled user dll's ...
Registered in 0.008695 seconds.
Begin MonoManager ReloadAssembly
Symbol file LoadedFromMemory doesn't match image C:\Users\User\Documents\GitHubArchives\BiroBiro\BiroBiro\Library\PackageCache\com.unity.visualscripting@1.8.0\Editor\VisualScripting.Core\Dependencies\YamlDotNet\Unity.VisualScripting.YamlDotNet.dll
Symbol file LoadedFromMemory doesn't match image C:\Users\User\Documents\GitHubArchives\BiroBiro\BiroBiro\Library\PackageCache\com.unity.visualscripting@1.8.0\Editor\VisualScripting.Core\Dependencies\DotNetZip\Unity.VisualScripting.IonicZip.dll
Native extension for WindowsStandalone target not found
Refreshing native plugins compatible for Editor in 1.22 ms, found 4 plugins.
Preloading 0 native plugins for Editor in 0.00 ms.
Mono: successfully reloaded assembly
- Completed reload, in  6.179 seconds
Domain Reload Profiling:
	ReloadAssembly (6185ms)
		BeginReloadAssembly (1377ms)
			ExecutionOrderSort (0ms)
			DisableScriptedObjects (177ms)
			BackupInstance (0ms)
			ReleaseScriptingObjects (0ms)
			CreateAndSetChildDomain (540ms)
		EndReloadAssembly (4557ms)
			LoadAssemblies (724ms)
			RebuildTransferFunctionScriptingTraits (0ms)
			SetupTypeCache (864ms)
			ReleaseScriptCaches (2ms)
			RebuildScriptCaches (116ms)
			SetupLoadedEditorAssemblies (3016ms)
				LogAssemblyErrors (0ms)
				InitializePlatformSupportModulesInManaged (49ms)
				SetLoadedEditorAssemblies (2ms)
				RefreshPlugins (1ms)
				BeforeProcessingInitializeOnLoad (208ms)
				ProcessInitializeOnLoadAttributes (2650ms)
				ProcessInitializeOnLoadMethodAttributes (98ms)
				AfterProcessingInitializeOnLoad (8ms)
				EditorAssembliesLoaded (0ms)
			ExecutionOrderSort2 (0ms)
			AwakeInstancesAfterBackupRestoration (15ms)
Platform modules already initialized, skipping
Refreshing native plugins compatible for Editor in 16.46 ms, found 4 plugins.
Preloading 0 native plugins for Editor in 0.00 ms.
Unloading 4412 Unused Serialized files (Serialized files now loaded: 0)
Unloading 32 unused Assets / (195.5 KB). Loaded Objects now: 4959.
Memory consumption went from 169.1 MB to 168.9 MB.
Total: 25.210376 ms (FindLiveObjects: 0.383842 ms CreateObjectMapping: 0.186801 ms MarkObjects: 24.040853 ms  DeleteObjects: 0.596708 ms)

AssetImportParameters requested are different than current active one (requested -> active):
  custom:video-decoder-ogg-theora: a1e56fd34408186e4bbccfd4996cb3dc -> 
  custom:container-muxer-webm: aa71ff27fc2769a1b78a27578f13a17b -> 
  custom:container-demuxer-webm: 4f35f7cbe854078d1ac9338744f61a02 -> 
  custom:video-encoder-webm-vp8: eb34c28f22e8b96e1ab97ce403110664 -> 
  custom:video-codec-MediaFoundation-h265: 55f8c8538cf0483ab7069ead6b737db2 -> 
  custom:audio-encoder-webm-vorbis: bf7c407c2cedff20999df2af8eb42d56 -> 
  custom:framework-win-MediaFoundation: 216162199b28c13a410421893ffa2e32 -> 
  custom:container-demuxer-ogg: 62fdf1f143b41e24485cea50d1cbac27 -> 
  custom:video-decoder-webm-vp8: 9c59270c3fd7afecdb556c50c9e8de78 -> 
  custom:audio-decoder-ogg-vorbis: bf7c407c2cedff20999df2af8eb42d56 -> 
========================================================================
Received Prepare
Registering precompiled user dll's ...
Registered in 0.013520 seconds.
Begin MonoManager ReloadAssembly
Symbol file LoadedFromMemory doesn't match image C:\Users\User\Documents\GitHubArchives\BiroBiro\BiroBiro\Library\PackageCache\com.unity.visualscripting@1.8.0\Editor\VisualScripting.Core\Dependencies\YamlDotNet\Unity.VisualScripting.YamlDotNet.dll
Symbol file LoadedFromMemory doesn't match image C:\Users\User\Documents\GitHubArchives\BiroBiro\BiroBiro\Library\PackageCache\com.unity.visualscripting@1.8.0\Editor\VisualScripting.Core\Dependencies\DotNetZip\Unity.VisualScripting.IonicZip.dll
Native extension for WindowsStandalone target not found
Refreshing native plugins compatible for Editor in 1.38 ms, found 4 plugins.
Preloading 0 native plugins for Editor in 0.00 ms.
Mono: successfully reloaded assembly
- Completed reload, in  3.490 seconds
Domain Reload Profiling:
	ReloadAssembly (3495ms)
		BeginReloadAssembly (362ms)
			ExecutionOrderSort (0ms)
			DisableScriptedObjects (17ms)
			BackupInstance (0ms)
			ReleaseScriptingObjects (0ms)
			CreateAndSetChildDomain (73ms)
		EndReloadAssembly (2948ms)
			LoadAssemblies (311ms)
			RebuildTransferFunctionScriptingTraits (0ms)
			SetupTypeCache (445ms)
			ReleaseScriptCaches (2ms)
			RebuildScriptCaches (86ms)
			SetupLoadedEditorAssemblies (1047ms)
				LogAssemblyErrors (0ms)
				InitializePlatformSupportModulesInManaged (19ms)
				SetLoadedEditorAssemblies (1ms)
				RefreshPlugins (1ms)
				BeforeProcessingInitializeOnLoad (145ms)
				ProcessInitializeOnLoadAttributes (810ms)
				ProcessInitializeOnLoadMethodAttributes (63ms)
				AfterProcessingInitializeOnLoad (8ms)
				EditorAssembliesLoaded (0ms)
			ExecutionOrderSort2 (0ms)
			AwakeInstancesAfterBackupRestoration (14ms)
Platform modules already initialized, skipping
Refreshing native plugins compatible for Editor in 21.08 ms, found 4 plugins.
Preloading 0 native plugins for Editor in 0.00 ms.
Unloading 4412 Unused Serialized files (Serialized files now loaded: 0)
Unloading 32 unused Assets / (195.6 KB). Loaded Objects now: 4962.
Memory consumption went from 169.1 MB to 168.9 MB.
Total: 6.021694 ms (FindLiveObjects: 0.561954 ms CreateObjectMapping: 0.258170 ms MarkObjects: 4.972878 ms  DeleteObjects: 0.225899 ms)

AssetImportParameters requested are different than current active one (requested -> active):
  custom:video-decoder-ogg-theora: a1e56fd34408186e4bbccfd4996cb3dc -> 
  custom:container-muxer-webm: aa71ff27fc2769a1b78a27578f13a17b -> 
  custom:container-demuxer-webm: 4f35f7cbe854078d1ac9338744f61a02 -> 
  custom:video-encoder-webm-vp8: eb34c28f22e8b96e1ab97ce403110664 -> 
  custom:video-codec-MediaFoundation-h265: 55f8c8538cf0483ab7069ead6b737db2 -> 
  custom:audio-encoder-webm-vorbis: bf7c407c2cedff20999df2af8eb42d56 -> 
  custom:framework-win-MediaFoundation: 216162199b28c13a410421893ffa2e32 -> 
  custom:container-demuxer-ogg: 62fdf1f143b41e24485cea50d1cbac27 -> 
  custom:video-decoder-webm-vp8: 9c59270c3fd7afecdb556c50c9e8de78 -> 
  custom:audio-decoder-ogg-vorbis: bf7c407c2cedff20999df2af8eb42d56 -> 
========================================================================
Received Import Request.
  Time since last request: 145.424773 seconds.
  path: Assets/Scripts/Player/SaveSystem.cs
  artifactKey: Guid(b3618a3a78eb91547804a5c56261aefa) Importer(815301076,1909f56bfc062723c751e8b465ee728b)
Start importing Assets/Scripts/Player/SaveSystem.cs using Guid(b3618a3a78eb91547804a5c56261aefa) Importer(815301076,1909f56bfc062723c751e8b465ee728b)  -> (artifact id: 'b415511a7ea8a950e61fcd5fcbd81f83') in 0.020033 seconds 
========================================================================
Received Import Request.
  Time since last request: 2.662450 seconds.
  path: Assets/Scripts/Player/SaveSystem.cs
  artifactKey: Guid(b3618a3a78eb91547804a5c56261aefa) Importer(815301076,1909f56bfc062723c751e8b465ee728b)
Start importing Assets/Scripts/Player/SaveSystem.cs using Guid(b3618a3a78eb91547804a5c56261aefa) Importer(815301076,1909f56bfc062723c751e8b465ee728b)  -> (artifact id: '74bbeddd35a8e64cbe9fe1afa30b3fb1') in 0.003520 seconds 
========================================================================
Received Prepare
Registering precompiled user dll's ...
Registered in 0.018342 seconds.
Begin MonoManager ReloadAssembly
Symbol file LoadedFromMemory doesn't match image C:\Users\User\Documents\GitHubArchives\BiroBiro\BiroBiro\Library\PackageCache\com.unity.visualscripting@1.8.0\Editor\VisualScripting.Core\Dependencies\YamlDotNet\Unity.VisualScripting.YamlDotNet.dll
Symbol file LoadedFromMemory doesn't match image C:\Users\User\Documents\GitHubArchives\BiroBiro\BiroBiro\Library\PackageCache\com.unity.visualscripting@1.8.0\Editor\VisualScripting.Core\Dependencies\DotNetZip\Unity.VisualScripting.IonicZip.dll
Native extension for WindowsStandalone target not found
Refreshing native plugins compatible for Editor in 2.46 ms, found 4 plugins.
Preloading 0 native plugins for Editor in 0.00 ms.
Mono: successfully reloaded assembly
- Completed reload, in  4.960 seconds
Domain Reload Profiling:
	ReloadAssembly (4968ms)
		BeginReloadAssembly (1413ms)
			ExecutionOrderSort (0ms)
			DisableScriptedObjects (138ms)
			BackupInstance (0ms)
			ReleaseScriptingObjects (0ms)
			CreateAndSetChildDomain (623ms)
		EndReloadAssembly (3358ms)
			LoadAssemblies (853ms)
			RebuildTransferFunctionScriptingTraits (1ms)
			SetupTypeCache (1433ms)
			ReleaseScriptCaches (3ms)
			RebuildScriptCaches (176ms)
			SetupLoadedEditorAssemblies (1069ms)
				LogAssemblyErrors (0ms)
				InitializePlatformSupportModulesInManaged (26ms)
				SetLoadedEditorAssemblies (1ms)
				RefreshPlugins (4ms)
				BeforeProcessingInitializeOnLoad (144ms)
				ProcessInitializeOnLoadAttributes (816ms)
				ProcessInitializeOnLoadMethodAttributes (69ms)
				AfterProcessingInitializeOnLoad (8ms)
				EditorAssembliesLoaded (0ms)
			ExecutionOrderSort2 (0ms)
			AwakeInstancesAfterBackupRestoration (12ms)
Platform modules already initialized, skipping
Refreshing native plugins compatible for Editor in 65.66 ms, found 4 plugins.
Preloading 0 native plugins for Editor in 0.00 ms.
Unloading 4412 Unused Serialized files (Serialized files now loaded: 0)
Unloading 32 unused Assets / (195.5 KB). Loaded Objects now: 4965.
Memory consumption went from 169.1 MB to 168.9 MB.
Total: 23.223831 ms (FindLiveObjects: 1.885076 ms CreateObjectMapping: 0.550473 ms MarkObjects: 20.457501 ms  DeleteObjects: 0.327367 ms)

AssetImportParameters requested are different than current active one (requested -> active):
  custom:video-decoder-ogg-theora: a1e56fd34408186e4bbccfd4996cb3dc -> 
  custom:container-muxer-webm: aa71ff27fc2769a1b78a27578f13a17b -> 
  custom:container-demuxer-webm: 4f35f7cbe854078d1ac9338744f61a02 -> 
  custom:video-encoder-webm-vp8: eb34c28f22e8b96e1ab97ce403110664 -> 
  custom:video-codec-MediaFoundation-h265: 55f8c8538cf0483ab7069ead6b737db2 -> 
  custom:audio-encoder-webm-vorbis: bf7c407c2cedff20999df2af8eb42d56 -> 
  custom:framework-win-MediaFoundation: 216162199b28c13a410421893ffa2e32 -> 
  custom:container-demuxer-ogg: 62fdf1f143b41e24485cea50d1cbac27 -> 
  custom:video-decoder-webm-vp8: 9c59270c3fd7afecdb556c50c9e8de78 -> 
  custom:audio-decoder-ogg-vorbis: bf7c407c2cedff20999df2af8eb42d56 -> 
========================================================================
Received Import Request.
  Time since last request: 42.681844 seconds.
  path: Assets/Scripts/Player/SaveSystem.cs
  artifactKey: Guid(b3618a3a78eb91547804a5c56261aefa) Importer(815301076,1909f56bfc062723c751e8b465ee728b)
Start importing Assets/Scripts/Player/SaveSystem.cs using Guid(b3618a3a78eb91547804a5c56261aefa) Importer(815301076,1909f56bfc062723c751e8b465ee728b)  -> (artifact id: '59cd25163886ba3988cf86db92ec1a91') in 0.021601 seconds 
========================================================================
Received Prepare
Registering precompiled user dll's ...
Registered in 0.008141 seconds.
Begin MonoManager ReloadAssembly
Symbol file LoadedFromMemory doesn't match image C:\Users\User\Documents\GitHubArchives\BiroBiro\BiroBiro\Library\PackageCache\com.unity.visualscripting@1.8.0\Editor\VisualScripting.Core\Dependencies\YamlDotNet\Unity.VisualScripting.YamlDotNet.dll
Symbol file LoadedFromMemory doesn't match image C:\Users\User\Documents\GitHubArchives\BiroBiro\BiroBiro\Library\PackageCache\com.unity.visualscripting@1.8.0\Editor\VisualScripting.Core\Dependencies\DotNetZip\Unity.VisualScripting.IonicZip.dll
Native extension for WindowsStandalone target not found
Refreshing native plugins compatible for Editor in 1.69 ms, found 4 plugins.
Preloading 0 native plugins for Editor in 0.00 ms.
Mono: successfully reloaded assembly
- Completed reload, in  3.193 seconds
Domain Reload Profiling:
	ReloadAssembly (3194ms)
		BeginReloadAssembly (654ms)
			ExecutionOrderSort (0ms)
			DisableScriptedObjects (42ms)
			BackupInstance (0ms)
			ReleaseScriptingObjects (0ms)
			CreateAndSetChildDomain (203ms)
		EndReloadAssembly (2386ms)
			LoadAssemblies (656ms)
			RebuildTransferFunctionScriptingTraits (0ms)
			SetupTypeCache (598ms)
			ReleaseScriptCaches (3ms)
			RebuildScriptCaches (93ms)
			SetupLoadedEditorAssemblies (1149ms)
				LogAssemblyErrors (0ms)
				InitializePlatformSupportModulesInManaged (20ms)
				SetLoadedEditorAssemblies (1ms)
				RefreshPlugins (2ms)
				BeforeProcessingInitializeOnLoad (131ms)
				ProcessInitializeOnLoadAttributes (779ms)
				ProcessInitializeOnLoadMethodAttributes (208ms)
				AfterProcessingInitializeOnLoad (8ms)
				EditorAssembliesLoaded (0ms)
			ExecutionOrderSort2 (0ms)
			AwakeInstancesAfterBackupRestoration (11ms)
Platform modules already initialized, skipping
Refreshing native plugins compatible for Editor in 14.39 ms, found 4 plugins.
Preloading 0 native plugins for Editor in 0.00 ms.
Unloading 4412 Unused Serialized files (Serialized files now loaded: 0)
Unloading 32 unused Assets / (196.5 KB). Loaded Objects now: 4968.
Memory consumption went from 169.1 MB to 168.9 MB.
Total: 5.826826 ms (FindLiveObjects: 0.404011 ms CreateObjectMapping: 0.208832 ms MarkObjects: 4.927885 ms  DeleteObjects: 0.284235 ms)

AssetImportParameters requested are different than current active one (requested -> active):
  custom:video-decoder-ogg-theora: a1e56fd34408186e4bbccfd4996cb3dc -> 
  custom:container-muxer-webm: aa71ff27fc2769a1b78a27578f13a17b -> 
  custom:container-demuxer-webm: 4f35f7cbe854078d1ac9338744f61a02 -> 
  custom:video-encoder-webm-vp8: eb34c28f22e8b96e1ab97ce403110664 -> 
  custom:video-codec-MediaFoundation-h265: 55f8c8538cf0483ab7069ead6b737db2 -> 
  custom:audio-encoder-webm-vorbis: bf7c407c2cedff20999df2af8eb42d56 -> 
  custom:framework-win-MediaFoundation: 216162199b28c13a410421893ffa2e32 -> 
  custom:container-demuxer-ogg: 62fdf1f143b41e24485cea50d1cbac27 -> 
  custom:video-decoder-webm-vp8: 9c59270c3fd7afecdb556c50c9e8de78 -> 
  custom:audio-decoder-ogg-vorbis: bf7c407c2cedff20999df2af8eb42d56 -> 
========================================================================
Received Import Request.
  Time since last request: 23.836501 seconds.
  path: Assets/Scripts/Player/SaveSystem.cs
  artifactKey: Guid(b3618a3a78eb91547804a5c56261aefa) Importer(815301076,1909f56bfc062723c751e8b465ee728b)
Start importing Assets/Scripts/Player/SaveSystem.cs using Guid(b3618a3a78eb91547804a5c56261aefa) Importer(815301076,1909f56bfc062723c751e8b465ee728b)  -> (artifact id: 'bd8401cd0246661ba5e2e9128dbd4ab0') in 0.010304 seconds 
========================================================================
Received Import Request.
  Time since last request: 11.856346 seconds.
  path: Assets/Scripts/Player/SaveSystem.cs
  artifactKey: Guid(b3618a3a78eb91547804a5c56261aefa) Importer(815301076,1909f56bfc062723c751e8b465ee728b)
Start importing Assets/Scripts/Player/SaveSystem.cs using Guid(b3618a3a78eb91547804a5c56261aefa) Importer(815301076,1909f56bfc062723c751e8b465ee728b)  -> (artifact id: '2d0b4f8032f39c582032816bf96e0a21') in 0.003836 seconds 
========================================================================
Received Prepare
Registering precompiled user dll's ...
Registered in 0.007215 seconds.
Begin MonoManager ReloadAssembly
Symbol file LoadedFromMemory doesn't match image C:\Users\User\Documents\GitHubArchives\BiroBiro\BiroBiro\Library\PackageCache\com.unity.visualscripting@1.8.0\Editor\VisualScripting.Core\Dependencies\YamlDotNet\Unity.VisualScripting.YamlDotNet.dll
Symbol file LoadedFromMemory doesn't match image C:\Users\User\Documents\GitHubArchives\BiroBiro\BiroBiro\Library\PackageCache\com.unity.visualscripting@1.8.0\Editor\VisualScripting.Core\Dependencies\DotNetZip\Unity.VisualScripting.IonicZip.dll
Native extension for WindowsStandalone target not found
Refreshing native plugins compatible for Editor in 1.35 ms, found 4 plugins.
Preloading 0 native plugins for Editor in 0.00 ms.
Mono: successfully reloaded assembly
- Completed reload, in  2.315 seconds
Domain Reload Profiling:
	ReloadAssembly (2317ms)
		BeginReloadAssembly (512ms)
			ExecutionOrderSort (0ms)
			DisableScriptedObjects (19ms)
			BackupInstance (0ms)
			ReleaseScriptingObjects (0ms)
			CreateAndSetChildDomain (78ms)
		EndReloadAssembly (1653ms)
			LoadAssemblies (409ms)
			RebuildTransferFunctionScriptingTraits (0ms)
			SetupTypeCache (406ms)
			ReleaseScriptCaches (2ms)
			RebuildScriptCaches (85ms)
			SetupLoadedEditorAssemblies (922ms)
				LogAssemblyErrors (0ms)
				InitializePlatformSupportModulesInManaged (17ms)
				SetLoadedEditorAssemblies (1ms)
				RefreshPlugins (1ms)
				BeforeProcessingInitializeOnLoad (116ms)
				ProcessInitializeOnLoadAttributes (713ms)
				ProcessInitializeOnLoadMethodAttributes (62ms)
				AfterProcessingInitializeOnLoad (11ms)
				EditorAssembliesLoaded (0ms)
			ExecutionOrderSort2 (0ms)
			AwakeInstancesAfterBackupRestoration (29ms)
Platform modules already initialized, skipping
Refreshing native plugins compatible for Editor in 7.71 ms, found 4 plugins.
Preloading 0 native plugins for Editor in 0.00 ms.
Unloading 4412 Unused Serialized files (Serialized files now loaded: 0)
Unloading 32 unused Assets / (195.6 KB). Loaded Objects now: 4971.
Memory consumption went from 169.1 MB to 168.9 MB.
Total: 7.702283 ms (FindLiveObjects: 0.447454 ms CreateObjectMapping: 0.223416 ms MarkObjects: 6.676118 ms  DeleteObjects: 0.353743 ms)

AssetImportParameters requested are different than current active one (requested -> active):
  custom:video-decoder-ogg-theora: a1e56fd34408186e4bbccfd4996cb3dc -> 
  custom:container-muxer-webm: aa71ff27fc2769a1b78a27578f13a17b -> 
  custom:container-demuxer-webm: 4f35f7cbe854078d1ac9338744f61a02 -> 
  custom:video-encoder-webm-vp8: eb34c28f22e8b96e1ab97ce403110664 -> 
  custom:video-codec-MediaFoundation-h265: 55f8c8538cf0483ab7069ead6b737db2 -> 
  custom:audio-encoder-webm-vorbis: bf7c407c2cedff20999df2af8eb42d56 -> 
  custom:framework-win-MediaFoundation: 216162199b28c13a410421893ffa2e32 -> 
  custom:container-demuxer-ogg: 62fdf1f143b41e24485cea50d1cbac27 -> 
  custom:video-decoder-webm-vp8: 9c59270c3fd7afecdb556c50c9e8de78 -> 
  custom:audio-decoder-ogg-vorbis: bf7c407c2cedff20999df2af8eb42d56 -> 
========================================================================
Received Prepare
Registering precompiled user dll's ...
Registered in 0.012853 seconds.
Begin MonoManager ReloadAssembly
Symbol file LoadedFromMemory doesn't match image C:\Users\User\Documents\GitHubArchives\BiroBiro\BiroBiro\Library\PackageCache\com.unity.visualscripting@1.8.0\Editor\VisualScripting.Core\Dependencies\YamlDotNet\Unity.VisualScripting.YamlDotNet.dll
Symbol file LoadedFromMemory doesn't match image C:\Users\User\Documents\GitHubArchives\BiroBiro\BiroBiro\Library\PackageCache\com.unity.visualscripting@1.8.0\Editor\VisualScripting.Core\Dependencies\DotNetZip\Unity.VisualScripting.IonicZip.dll
Native extension for WindowsStandalone target not found
Refreshing native plugins compatible for Editor in 1.36 ms, found 4 plugins.
Preloading 0 native plugins for Editor in 0.00 ms.
Mono: successfully reloaded assembly
- Completed reload, in  2.409 seconds
Domain Reload Profiling:
	ReloadAssembly (2411ms)
		BeginReloadAssembly (461ms)
			ExecutionOrderSort (0ms)
			DisableScriptedObjects (12ms)
			BackupInstance (0ms)
			ReleaseScriptingObjects (0ms)
			CreateAndSetChildDomain (101ms)
		EndReloadAssembly (1776ms)
			LoadAssemblies (337ms)
			RebuildTransferFunctionScriptingTraits (0ms)
			SetupTypeCache (533ms)
			ReleaseScriptCaches (2ms)
			RebuildScriptCaches (75ms)
			SetupLoadedEditorAssemblies (876ms)
				LogAssemblyErrors (0ms)
				InitializePlatformSupportModulesInManaged (18ms)
				SetLoadedEditorAssemblies (1ms)
				RefreshPlugins (1ms)
				BeforeProcessingInitializeOnLoad (122ms)
				ProcessInitializeOnLoadAttributes (663ms)
				ProcessInitializeOnLoadMethodAttributes (62ms)
				AfterProcessingInitializeOnLoad (9ms)
				EditorAssembliesLoaded (0ms)
			ExecutionOrderSort2 (0ms)
			AwakeInstancesAfterBackupRestoration (17ms)
Platform modules already initialized, skipping
Refreshing native plugins compatible for Editor in 7.74 ms, found 4 plugins.
Preloading 0 native plugins for Editor in 0.00 ms.
Unloading 4412 Unused Serialized files (Serialized files now loaded: 0)
Unloading 32 unused Assets / (195.6 KB). Loaded Objects now: 4974.
Memory consumption went from 169.1 MB to 168.9 MB.
Total: 5.977632 ms (FindLiveObjects: 0.676145 ms CreateObjectMapping: 0.278029 ms MarkObjects: 4.733947 ms  DeleteObjects: 0.287338 ms)

AssetImportParameters requested are different than current active one (requested -> active):
  custom:video-decoder-ogg-theora: a1e56fd34408186e4bbccfd4996cb3dc -> 
  custom:container-muxer-webm: aa71ff27fc2769a1b78a27578f13a17b -> 
  custom:container-demuxer-webm: 4f35f7cbe854078d1ac9338744f61a02 -> 
  custom:video-encoder-webm-vp8: eb34c28f22e8b96e1ab97ce403110664 -> 
  custom:video-codec-MediaFoundation-h265: 55f8c8538cf0483ab7069ead6b737db2 -> 
  custom:audio-encoder-webm-vorbis: bf7c407c2cedff20999df2af8eb42d56 -> 
  custom:framework-win-MediaFoundation: 216162199b28c13a410421893ffa2e32 -> 
  custom:container-demuxer-ogg: 62fdf1f143b41e24485cea50d1cbac27 -> 
  custom:video-decoder-webm-vp8: 9c59270c3fd7afecdb556c50c9e8de78 -> 
  custom:audio-decoder-ogg-vorbis: bf7c407c2cedff20999df2af8eb42d56 -> 
========================================================================
Received Import Request.
  Time since last request: 37.404886 seconds.
  path: Assets/Scripts/Player/SaveSystem.cs
  artifactKey: Guid(b3618a3a78eb91547804a5c56261aefa) Importer(815301076,1909f56bfc062723c751e8b465ee728b)
Start importing Assets/Scripts/Player/SaveSystem.cs using Guid(b3618a3a78eb91547804a5c56261aefa) Importer(815301076,1909f56bfc062723c751e8b465ee728b)  -> (artifact id: 'aaa644d2ca60ffd5055cd8d19d9e5a56') in 0.013611 seconds 
========================================================================
Received Import Request.
  Time since last request: 41.435346 seconds.
  path: Assets/Scripts/Player/SaveSystem.cs
  artifactKey: Guid(b3618a3a78eb91547804a5c56261aefa) Importer(815301076,1909f56bfc062723c751e8b465ee728b)
Start importing Assets/Scripts/Player/SaveSystem.cs using Guid(b3618a3a78eb91547804a5c56261aefa) Importer(815301076,1909f56bfc062723c751e8b465ee728b)  -> (artifact id: '922cad2e43745ac8a265385de26bfa9b') in 0.003534 seconds 
========================================================================
Received Import Request.
  Time since last request: 3.209381 seconds.
  path: Assets/Scripts/Player/SaveSystem.cs
  artifactKey: Guid(b3618a3a78eb91547804a5c56261aefa) Importer(815301076,1909f56bfc062723c751e8b465ee728b)
Start importing Assets/Scripts/Player/SaveSystem.cs using Guid(b3618a3a78eb91547804a5c56261aefa) Importer(815301076,1909f56bfc062723c751e8b465ee728b)  -> (artifact id: 'a41b6cd91f8dbe28c8c72fde6568c8c7') in 0.006003 seconds 
========================================================================
Received Prepare
Registering precompiled user dll's ...
Registered in 0.008261 seconds.
Begin MonoManager ReloadAssembly
Symbol file LoadedFromMemory doesn't match image C:\Users\User\Documents\GitHubArchives\BiroBiro\BiroBiro\Library\PackageCache\com.unity.visualscripting@1.8.0\Editor\VisualScripting.Core\Dependencies\YamlDotNet\Unity.VisualScripting.YamlDotNet.dll
Symbol file LoadedFromMemory doesn't match image C:\Users\User\Documents\GitHubArchives\BiroBiro\BiroBiro\Library\PackageCache\com.unity.visualscripting@1.8.0\Editor\VisualScripting.Core\Dependencies\DotNetZip\Unity.VisualScripting.IonicZip.dll
Native extension for WindowsStandalone target not found
Refreshing native plugins compatible for Editor in 1.43 ms, found 4 plugins.
Preloading 0 native plugins for Editor in 0.00 ms.
Mono: successfully reloaded assembly
- Completed reload, in  2.798 seconds
Domain Reload Profiling:
	ReloadAssembly (2800ms)
		BeginReloadAssembly (637ms)
			ExecutionOrderSort (0ms)
			DisableScriptedObjects (34ms)
			BackupInstance (0ms)
			ReleaseScriptingObjects (0ms)
			CreateAndSetChildDomain (169ms)
		EndReloadAssembly (2002ms)
			LoadAssemblies (638ms)
			RebuildTransferFunctionScriptingTraits (0ms)
			SetupTypeCache (464ms)
			ReleaseScriptCaches (2ms)
			RebuildScriptCaches (72ms)
			SetupLoadedEditorAssemblies (983ms)
				LogAssemblyErrors (0ms)
				InitializePlatformSupportModulesInManaged (20ms)
				SetLoadedEditorAssemblies (1ms)
				RefreshPlugins (2ms)
				BeforeProcessingInitializeOnLoad (117ms)
				ProcessInitializeOnLoadAttributes (758ms)
				ProcessInitializeOnLoadMethodAttributes (78ms)
				AfterProcessingInitializeOnLoad (8ms)
				EditorAssembliesLoaded (0ms)
			ExecutionOrderSort2 (0ms)
			AwakeInstancesAfterBackupRestoration (14ms)
Platform modules already initialized, skipping
Refreshing native plugins compatible for Editor in 16.02 ms, found 4 plugins.
Preloading 0 native plugins for Editor in 0.00 ms.
Unloading 4412 Unused Serialized files (Serialized files now loaded: 0)
Unloading 32 unused Assets / (195.7 KB). Loaded Objects now: 4977.
Memory consumption went from 169.1 MB to 169.0 MB.
Total: 13.772384 ms (FindLiveObjects: 1.657626 ms CreateObjectMapping: 0.597949 ms MarkObjects: 11.151585 ms  DeleteObjects: 0.361811 ms)

AssetImportParameters requested are different than current active one (requested -> active):
  custom:video-decoder-ogg-theora: a1e56fd34408186e4bbccfd4996cb3dc -> 
  custom:container-muxer-webm: aa71ff27fc2769a1b78a27578f13a17b -> 
  custom:container-demuxer-webm: 4f35f7cbe854078d1ac9338744f61a02 -> 
  custom:video-encoder-webm-vp8: eb34c28f22e8b96e1ab97ce403110664 -> 
  custom:video-codec-MediaFoundation-h265: 55f8c8538cf0483ab7069ead6b737db2 -> 
  custom:audio-encoder-webm-vorbis: bf7c407c2cedff20999df2af8eb42d56 -> 
  custom:framework-win-MediaFoundation: 216162199b28c13a410421893ffa2e32 -> 
  custom:container-demuxer-ogg: 62fdf1f143b41e24485cea50d1cbac27 -> 
  custom:video-decoder-webm-vp8: 9c59270c3fd7afecdb556c50c9e8de78 -> 
  custom:audio-decoder-ogg-vorbis: bf7c407c2cedff20999df2af8eb42d56 -> 
========================================================================
Received Import Request.
  Time since last request: 58.991415 seconds.
  path: Assets/Scripts/Player/SaveSystem.cs
  artifactKey: Guid(b3618a3a78eb91547804a5c56261aefa) Importer(815301076,1909f56bfc062723c751e8b465ee728b)
Start importing Assets/Scripts/Player/SaveSystem.cs using Guid(b3618a3a78eb91547804a5c56261aefa) Importer(815301076,1909f56bfc062723c751e8b465ee728b)  -> (artifact id: 'b093e3e2a0e32a8f528beefd4d9526c1') in 0.107521 seconds 
========================================================================
Received Prepare
Registering precompiled user dll's ...
Registered in 0.010727 seconds.
Begin MonoManager ReloadAssembly
Symbol file LoadedFromMemory doesn't match image C:\Users\User\Documents\GitHubArchives\BiroBiro\BiroBiro\Library\PackageCache\com.unity.visualscripting@1.8.0\Editor\VisualScripting.Core\Dependencies\YamlDotNet\Unity.VisualScripting.YamlDotNet.dll
Symbol file LoadedFromMemory doesn't match image C:\Users\User\Documents\GitHubArchives\BiroBiro\BiroBiro\Library\PackageCache\com.unity.visualscripting@1.8.0\Editor\VisualScripting.Core\Dependencies\DotNetZip\Unity.VisualScripting.IonicZip.dll
Native extension for WindowsStandalone target not found
Refreshing native plugins compatible for Editor in 1.43 ms, found 4 plugins.
Preloading 0 native plugins for Editor in 0.00 ms.
Mono: successfully reloaded assembly
- Completed reload, in  2.949 seconds
Domain Reload Profiling:
	ReloadAssembly (2953ms)
		BeginReloadAssembly (801ms)
			ExecutionOrderSort (0ms)
			DisableScriptedObjects (77ms)
			BackupInstance (0ms)
			ReleaseScriptingObjects (0ms)
			CreateAndSetChildDomain (288ms)
		EndReloadAssembly (1986ms)
			LoadAssemblies (637ms)
			RebuildTransferFunctionScriptingTraits (0ms)
			SetupTypeCache (519ms)
			ReleaseScriptCaches (2ms)
			RebuildScriptCaches (76ms)
			SetupLoadedEditorAssemblies (911ms)
				LogAssemblyErrors (0ms)
				InitializePlatformSupportModulesInManaged (18ms)
				SetLoadedEditorAssemblies (1ms)
				RefreshPlugins (2ms)
				BeforeProcessingInitializeOnLoad (117ms)
				ProcessInitializeOnLoadAttributes (703ms)
				ProcessInitializeOnLoadMethodAttributes (62ms)
				AfterProcessingInitializeOnLoad (8ms)
				EditorAssembliesLoaded (0ms)
			ExecutionOrderSort2 (0ms)
			AwakeInstancesAfterBackupRestoration (12ms)
Platform modules already initialized, skipping
Refreshing native plugins compatible for Editor in 16.63 ms, found 4 plugins.
Preloading 0 native plugins for Editor in 0.00 ms.
Unloading 4412 Unused Serialized files (Serialized files now loaded: 0)
Unloading 32 unused Assets / (195.6 KB). Loaded Objects now: 4980.
Memory consumption went from 169.2 MB to 169.0 MB.
Total: 26.746364 ms (FindLiveObjects: 0.445592 ms CreateObjectMapping: 0.193628 ms MarkObjects: 25.777295 ms  DeleteObjects: 0.327677 ms)

AssetImportParameters requested are different than current active one (requested -> active):
  custom:video-decoder-ogg-theora: a1e56fd34408186e4bbccfd4996cb3dc -> 
  custom:container-muxer-webm: aa71ff27fc2769a1b78a27578f13a17b -> 
  custom:container-demuxer-webm: 4f35f7cbe854078d1ac9338744f61a02 -> 
  custom:video-encoder-webm-vp8: eb34c28f22e8b96e1ab97ce403110664 -> 
  custom:video-codec-MediaFoundation-h265: 55f8c8538cf0483ab7069ead6b737db2 -> 
  custom:audio-encoder-webm-vorbis: bf7c407c2cedff20999df2af8eb42d56 -> 
  custom:framework-win-MediaFoundation: 216162199b28c13a410421893ffa2e32 -> 
  custom:container-demuxer-ogg: 62fdf1f143b41e24485cea50d1cbac27 -> 
  custom:video-decoder-webm-vp8: 9c59270c3fd7afecdb556c50c9e8de78 -> 
  custom:audio-decoder-ogg-vorbis: bf7c407c2cedff20999df2af8eb42d56 -> 
========================================================================
Received Import Request.
  Time since last request: 26.853002 seconds.
  path: Assets/Scripts/Player/SaveSystem.cs
  artifactKey: Guid(b3618a3a78eb91547804a5c56261aefa) Importer(815301076,1909f56bfc062723c751e8b465ee728b)
Start importing Assets/Scripts/Player/SaveSystem.cs using Guid(b3618a3a78eb91547804a5c56261aefa) Importer(815301076,1909f56bfc062723c751e8b465ee728b)  -> (artifact id: '3bce482d1e39131c26d5a6c698ad9173') in 0.022631 seconds 
========================================================================
Received Import Request.
  Time since last request: 14.200870 seconds.
  path: Assets/Scripts/Player/SaveSystem.cs
  artifactKey: Guid(b3618a3a78eb91547804a5c56261aefa) Importer(815301076,1909f56bfc062723c751e8b465ee728b)
Start importing Assets/Scripts/Player/SaveSystem.cs using Guid(b3618a3a78eb91547804a5c56261aefa) Importer(815301076,1909f56bfc062723c751e8b465ee728b)  -> (artifact id: '7e8725dd03eebd5dee871c896cbe0d3a') in 0.002565 seconds 
========================================================================
Received Prepare
Registering precompiled user dll's ...
Registered in 0.010008 seconds.
Begin MonoManager ReloadAssembly
Symbol file LoadedFromMemory doesn't match image C:\Users\User\Documents\GitHubArchives\BiroBiro\BiroBiro\Library\PackageCache\com.unity.visualscripting@1.8.0\Editor\VisualScripting.Core\Dependencies\YamlDotNet\Unity.VisualScripting.YamlDotNet.dll
Symbol file LoadedFromMemory doesn't match image C:\Users\User\Documents\GitHubArchives\BiroBiro\BiroBiro\Library\PackageCache\com.unity.visualscripting@1.8.0\Editor\VisualScripting.Core\Dependencies\DotNetZip\Unity.VisualScripting.IonicZip.dll
Native extension for WindowsStandalone target not found
Refreshing native plugins compatible for Editor in 1.52 ms, found 4 plugins.
Preloading 0 native plugins for Editor in 0.00 ms.
Mono: successfully reloaded assembly
- Completed reload, in  3.076 seconds
Domain Reload Profiling:
	ReloadAssembly (3077ms)
		BeginReloadAssembly (348ms)
			ExecutionOrderSort (0ms)
			DisableScriptedObjects (25ms)
			BackupInstance (0ms)
			ReleaseScriptingObjects (0ms)
			CreateAndSetChildDomain (71ms)
		EndReloadAssembly (2400ms)
			LoadAssemblies (251ms)
			RebuildTransferFunctionScriptingTraits (0ms)
			SetupTypeCache (770ms)
			ReleaseScriptCaches (2ms)
			RebuildScriptCaches (95ms)
			SetupLoadedEditorAssemblies (1212ms)
				LogAssemblyErrors (0ms)
				InitializePlatformSupportModulesInManaged (21ms)
				SetLoadedEditorAssemblies (1ms)
				RefreshPlugins (2ms)
				BeforeProcessingInitializeOnLoad (157ms)
				ProcessInitializeOnLoadAttributes (954ms)
				ProcessInitializeOnLoadMethodAttributes (67ms)
				AfterProcessingInitializeOnLoad (9ms)
				EditorAssembliesLoaded (0ms)
			ExecutionOrderSort2 (0ms)
			AwakeInstancesAfterBackupRestoration (17ms)
Platform modules already initialized, skipping
Refreshing native plugins compatible for Editor in 4.13 ms, found 4 plugins.
Preloading 0 native plugins for Editor in 0.00 ms.
Unloading 4412 Unused Serialized files (Serialized files now loaded: 0)
Unloading 32 unused Assets / (195.7 KB). Loaded Objects now: 4983.
Memory consumption went from 169.2 MB to 169.0 MB.
Total: 6.014557 ms (FindLiveObjects: 0.386324 ms CreateObjectMapping: 0.175940 ms MarkObjects: 5.227325 ms  DeleteObjects: 0.222486 ms)

AssetImportParameters requested are different than current active one (requested -> active):
  custom:video-decoder-ogg-theora: a1e56fd34408186e4bbccfd4996cb3dc -> 
  custom:container-muxer-webm: aa71ff27fc2769a1b78a27578f13a17b -> 
  custom:container-demuxer-webm: 4f35f7cbe854078d1ac9338744f61a02 -> 
  custom:video-encoder-webm-vp8: eb34c28f22e8b96e1ab97ce403110664 -> 
  custom:video-codec-MediaFoundation-h265: 55f8c8538cf0483ab7069ead6b737db2 -> 
  custom:audio-encoder-webm-vorbis: bf7c407c2cedff20999df2af8eb42d56 -> 
  custom:framework-win-MediaFoundation: 216162199b28c13a410421893ffa2e32 -> 
  custom:container-demuxer-ogg: 62fdf1f143b41e24485cea50d1cbac27 -> 
  custom:video-decoder-webm-vp8: 9c59270c3fd7afecdb556c50c9e8de78 -> 
  custom:audio-decoder-ogg-vorbis: bf7c407c2cedff20999df2af8eb42d56 -> 
========================================================================
Received Import Request.
  Time since last request: 87.142126 seconds.
  path: Assets/Scripts/Player/SaveSystem.cs
  artifactKey: Guid(b3618a3a78eb91547804a5c56261aefa) Importer(815301076,1909f56bfc062723c751e8b465ee728b)
Start importing Assets/Scripts/Player/SaveSystem.cs using Guid(b3618a3a78eb91547804a5c56261aefa) Importer(815301076,1909f56bfc062723c751e8b465ee728b)  -> (artifact id: 'a5ccd578300a136be281b8e03f6b304f') in 0.376724 seconds 
========================================================================
Received Prepare
Registering precompiled user dll's ...
Registered in 0.009911 seconds.
Begin MonoManager ReloadAssembly
Symbol file LoadedFromMemory doesn't match image C:\Users\User\Documents\GitHubArchives\BiroBiro\BiroBiro\Library\PackageCache\com.unity.visualscripting@1.8.0\Editor\VisualScripting.Core\Dependencies\YamlDotNet\Unity.VisualScripting.YamlDotNet.dll
Symbol file LoadedFromMemory doesn't match image C:\Users\User\Documents\GitHubArchives\BiroBiro\BiroBiro\Library\PackageCache\com.unity.visualscripting@1.8.0\Editor\VisualScripting.Core\Dependencies\DotNetZip\Unity.VisualScripting.IonicZip.dll
Native extension for WindowsStandalone target not found
Refreshing native plugins compatible for Editor in 1.66 ms, found 4 plugins.
Preloading 0 native plugins for Editor in 0.00 ms.
Mono: successfully reloaded assembly
- Completed reload, in  5.466 seconds
Domain Reload Profiling:
	ReloadAssembly (5476ms)
		BeginReloadAssembly (1469ms)
			ExecutionOrderSort (0ms)
			DisableScriptedObjects (157ms)
			BackupInstance (0ms)
			ReleaseScriptingObjects (1ms)
			CreateAndSetChildDomain (570ms)
		EndReloadAssembly (3416ms)
			LoadAssemblies (949ms)
			RebuildTransferFunctionScriptingTraits (0ms)
			SetupTypeCache (1007ms)
			ReleaseScriptCaches (2ms)
			RebuildScriptCaches (99ms)
			SetupLoadedEditorAssemblies (1636ms)
				LogAssemblyErrors (0ms)
				InitializePlatformSupportModulesInManaged (21ms)
				SetLoadedEditorAssemblies (2ms)
				RefreshPlugins (2ms)
				BeforeProcessingInitializeOnLoad (134ms)
				ProcessInitializeOnLoadAttributes (1290ms)
				ProcessInitializeOnLoadMethodAttributes (179ms)
				AfterProcessingInitializeOnLoad (8ms)
				EditorAssembliesLoaded (0ms)
			ExecutionOrderSort2 (0ms)
			AwakeInstancesAfterBackupRestoration (16ms)
Platform modules already initialized, skipping
Refreshing native plugins compatible for Editor in 15.27 ms, found 4 plugins.
Preloading 0 native plugins for Editor in 0.00 ms.
Unloading 4412 Unused Serialized files (Serialized files now loaded: 0)
Unloading 32 unused Assets / (195.6 KB). Loaded Objects now: 4986.
Memory consumption went from 169.2 MB to 169.0 MB.
Total: 19.685473 ms (FindLiveObjects: 0.409287 ms CreateObjectMapping: 0.341641 ms MarkObjects: 18.567150 ms  DeleteObjects: 0.365534 ms)

AssetImportParameters requested are different than current active one (requested -> active):
  custom:video-decoder-ogg-theora: a1e56fd34408186e4bbccfd4996cb3dc -> 
  custom:container-muxer-webm: aa71ff27fc2769a1b78a27578f13a17b -> 
  custom:container-demuxer-webm: 4f35f7cbe854078d1ac9338744f61a02 -> 
  custom:video-encoder-webm-vp8: eb34c28f22e8b96e1ab97ce403110664 -> 
  custom:video-codec-MediaFoundation-h265: 55f8c8538cf0483ab7069ead6b737db2 -> 
  custom:audio-encoder-webm-vorbis: bf7c407c2cedff20999df2af8eb42d56 -> 
  custom:framework-win-MediaFoundation: 216162199b28c13a410421893ffa2e32 -> 
  custom:container-demuxer-ogg: 62fdf1f143b41e24485cea50d1cbac27 -> 
  custom:video-decoder-webm-vp8: 9c59270c3fd7afecdb556c50c9e8de78 -> 
  custom:audio-decoder-ogg-vorbis: bf7c407c2cedff20999df2af8eb42d56 -> 
========================================================================
Received Import Request.
  Time since last request: 27.516036 seconds.
  path: Assets/Scripts/Player/SaveSystem.cs
  artifactKey: Guid(b3618a3a78eb91547804a5c56261aefa) Importer(815301076,1909f56bfc062723c751e8b465ee728b)
Start importing Assets/Scripts/Player/SaveSystem.cs using Guid(b3618a3a78eb91547804a5c56261aefa) Importer(815301076,1909f56bfc062723c751e8b465ee728b)  -> (artifact id: '00000000000000000000000000000000') in 0.003041 seconds  code(4) message(Build asset version error: assets/scripts/player/savesystem.cs in SourceAssetDB has modification time of '2023-09-10T22:49:12.2753256Z' while content on disk has modification time of '2023-09-10T22:49:19.7707917Z')
  ERROR: Build asset version error: assets/scripts/player/savesystem.cs in SourceAssetDB has modification time of '2023-09-10T22:49:12.2753256Z' while content on disk has modification time of '2023-09-10T22:49:19.7707917Z'
========================================================================
Received Import Request.
  Time since last request: 33.610224 seconds.
  path: Assets/Scripts/Player/SaveSystem.cs
  artifactKey: Guid(b3618a3a78eb91547804a5c56261aefa) Importer(815301076,1909f56bfc062723c751e8b465ee728b)
Start importing Assets/Scripts/Player/SaveSystem.cs using Guid(b3618a3a78eb91547804a5c56261aefa) Importer(815301076,1909f56bfc062723c751e8b465ee728b)  -> (artifact id: '1c50bb8960ab9f4bfdf07b9fbe39f63e') in 0.015782 seconds 
========================================================================
Received Prepare
Registering precompiled user dll's ...
Registered in 0.040430 seconds.
Begin MonoManager ReloadAssembly
Symbol file LoadedFromMemory doesn't match image C:\Users\User\Documents\GitHubArchives\BiroBiro\BiroBiro\Library\PackageCache\com.unity.visualscripting@1.8.0\Editor\VisualScripting.Core\Dependencies\YamlDotNet\Unity.VisualScripting.YamlDotNet.dll
Symbol file LoadedFromMemory doesn't match image C:\Users\User\Documents\GitHubArchives\BiroBiro\BiroBiro\Library\PackageCache\com.unity.visualscripting@1.8.0\Editor\VisualScripting.Core\Dependencies\DotNetZip\Unity.VisualScripting.IonicZip.dll
Native extension for WindowsStandalone target not found
Refreshing native plugins compatible for Editor in 1.69 ms, found 4 plugins.
Preloading 0 native plugins for Editor in 0.00 ms.
Mono: successfully reloaded assembly
- Completed reload, in  9.500 seconds
Domain Reload Profiling:
	ReloadAssembly (9503ms)
		BeginReloadAssembly (762ms)
			ExecutionOrderSort (1ms)
			DisableScriptedObjects (50ms)
			BackupInstance (0ms)
			ReleaseScriptingObjects (0ms)
			CreateAndSetChildDomain (200ms)
		EndReloadAssembly (8377ms)
			LoadAssemblies (759ms)
			RebuildTransferFunctionScriptingTraits (0ms)
			SetupTypeCache (6358ms)
			ReleaseScriptCaches (3ms)
			RebuildScriptCaches (111ms)
			SetupLoadedEditorAssemblies (1305ms)
				LogAssemblyErrors (0ms)
				InitializePlatformSupportModulesInManaged (24ms)
				SetLoadedEditorAssemblies (2ms)
				RefreshPlugins (2ms)
				BeforeProcessingInitializeOnLoad (160ms)
				ProcessInitializeOnLoadAttributes (990ms)
				ProcessInitializeOnLoadMethodAttributes (115ms)
				AfterProcessingInitializeOnLoad (12ms)
				EditorAssembliesLoaded (0ms)
			ExecutionOrderSort2 (0ms)
			AwakeInstancesAfterBackupRestoration (16ms)
Platform modules already initialized, skipping
Refreshing native plugins compatible for Editor in 21.82 ms, found 4 plugins.
Preloading 0 native plugins for Editor in 0.00 ms.
Unloading 4412 Unused Serialized files (Serialized files now loaded: 0)
Unloading 32 unused Assets / (195.5 KB). Loaded Objects now: 4989.
Memory consumption went from 169.2 MB to 169.0 MB.
Total: 26.155552 ms (FindLiveObjects: 3.017674 ms CreateObjectMapping: 0.284235 ms MarkObjects: 22.468249 ms  DeleteObjects: 0.382601 ms)

AssetImportParameters requested are different than current active one (requested -> active):
  custom:video-decoder-ogg-theora: a1e56fd34408186e4bbccfd4996cb3dc -> 
  custom:container-muxer-webm: aa71ff27fc2769a1b78a27578f13a17b -> 
  custom:container-demuxer-webm: 4f35f7cbe854078d1ac9338744f61a02 -> 
  custom:video-encoder-webm-vp8: eb34c28f22e8b96e1ab97ce403110664 -> 
  custom:video-codec-MediaFoundation-h265: 55f8c8538cf0483ab7069ead6b737db2 -> 
  custom:audio-encoder-webm-vorbis: bf7c407c2cedff20999df2af8eb42d56 -> 
  custom:framework-win-MediaFoundation: 216162199b28c13a410421893ffa2e32 -> 
  custom:container-demuxer-ogg: 62fdf1f143b41e24485cea50d1cbac27 -> 
  custom:video-decoder-webm-vp8: 9c59270c3fd7afecdb556c50c9e8de78 -> 
  custom:audio-decoder-ogg-vorbis: bf7c407c2cedff20999df2af8eb42d56 -> 
========================================================================
Received Import Request.
  Time since last request: 51.997159 seconds.
  path: Assets/Scripts/Player/SaveSystem.cs
  artifactKey: Guid(b3618a3a78eb91547804a5c56261aefa) Importer(815301076,1909f56bfc062723c751e8b465ee728b)
Start importing Assets/Scripts/Player/SaveSystem.cs using Guid(b3618a3a78eb91547804a5c56261aefa) Importer(815301076,1909f56bfc062723c751e8b465ee728b)  -> (artifact id: '00000000000000000000000000000000') in 0.005610 seconds  code(4) message(Build asset version error: assets/scripts/player/savesystem.cs in SourceAssetDB has modification time of '2023-09-10T22:51:07.5818152Z' while content on disk has modification time of '2023-09-10T22:51:08.2143183Z')
  ERROR: Build asset version error: assets/scripts/player/savesystem.cs in SourceAssetDB has modification time of '2023-09-10T22:51:07.5818152Z' while content on disk has modification time of '2023-09-10T22:51:08.2143183Z'
========================================================================
Received Import Request.
  Time since last request: 7.734794 seconds.
  path: Assets/Scripts/Player/SaveSystem.cs
  artifactKey: Guid(b3618a3a78eb91547804a5c56261aefa) Importer(815301076,1909f56bfc062723c751e8b465ee728b)
Start importing Assets/Scripts/Player/SaveSystem.cs using Guid(b3618a3a78eb91547804a5c56261aefa) Importer(815301076,1909f56bfc062723c751e8b465ee728b)  -> (artifact id: 'c28fd6c0d8728cefb1e3cfa68b6e3d78') in 0.020974 seconds 
========================================================================
Received Prepare
Registering precompiled user dll's ...
Registered in 0.007700 seconds.
Begin MonoManager ReloadAssembly
Symbol file LoadedFromMemory doesn't match image C:\Users\User\Documents\GitHubArchives\BiroBiro\BiroBiro\Library\PackageCache\com.unity.visualscripting@1.8.0\Editor\VisualScripting.Core\Dependencies\YamlDotNet\Unity.VisualScripting.YamlDotNet.dll
Symbol file LoadedFromMemory doesn't match image C:\Users\User\Documents\GitHubArchives\BiroBiro\BiroBiro\Library\PackageCache\com.unity.visualscripting@1.8.0\Editor\VisualScripting.Core\Dependencies\DotNetZip\Unity.VisualScripting.IonicZip.dll
Native extension for WindowsStandalone target not found
Refreshing native plugins compatible for Editor in 1.87 ms, found 4 plugins.
Preloading 0 native plugins for Editor in 0.00 ms.
Mono: successfully reloaded assembly
- Completed reload, in  4.831 seconds
Domain Reload Profiling:
	ReloadAssembly (4833ms)
		BeginReloadAssembly (1164ms)
			ExecutionOrderSort (0ms)
			DisableScriptedObjects (42ms)
			BackupInstance (0ms)
			ReleaseScriptingObjects (0ms)
			CreateAndSetChildDomain (370ms)
		EndReloadAssembly (3120ms)
			LoadAssemblies (1076ms)
			RebuildTransferFunctionScriptingTraits (0ms)
			SetupTypeCache (933ms)
			ReleaseScriptCaches (3ms)
			RebuildScriptCaches (88ms)
			SetupLoadedEditorAssemblies (1338ms)
				LogAssemblyErrors (0ms)
				InitializePlatformSupportModulesInManaged (26ms)
				SetLoadedEditorAssemblies (1ms)
				RefreshPlugins (2ms)
				BeforeProcessingInitializeOnLoad (163ms)
				ProcessInitializeOnLoadAttributes (973ms)
				ProcessInitializeOnLoadMethodAttributes (160ms)
				AfterProcessingInitializeOnLoad (12ms)
				EditorAssembliesLoaded (0ms)
			ExecutionOrderSort2 (0ms)
			AwakeInstancesAfterBackupRestoration (16ms)
Platform modules already initialized, skipping
Refreshing native plugins compatible for Editor in 7.60 ms, found 4 plugins.
Preloading 0 native plugins for Editor in 0.00 ms.
Unloading 4412 Unused Serialized files (Serialized files now loaded: 0)
Unloading 32 unused Assets / (195.4 KB). Loaded Objects now: 4992.
Memory consumption went from 169.2 MB to 169.0 MB.
Total: 58.093867 ms (FindLiveObjects: 26.278431 ms CreateObjectMapping: 18.816631 ms MarkObjects: 12.476258 ms  DeleteObjects: 0.519754 ms)

AssetImportParameters requested are different than current active one (requested -> active):
  custom:video-decoder-ogg-theora: a1e56fd34408186e4bbccfd4996cb3dc -> 
  custom:container-muxer-webm: aa71ff27fc2769a1b78a27578f13a17b -> 
  custom:container-demuxer-webm: 4f35f7cbe854078d1ac9338744f61a02 -> 
  custom:video-encoder-webm-vp8: eb34c28f22e8b96e1ab97ce403110664 -> 
  custom:video-codec-MediaFoundation-h265: 55f8c8538cf0483ab7069ead6b737db2 -> 
  custom:audio-encoder-webm-vorbis: bf7c407c2cedff20999df2af8eb42d56 -> 
  custom:framework-win-MediaFoundation: 216162199b28c13a410421893ffa2e32 -> 
  custom:container-demuxer-ogg: 62fdf1f143b41e24485cea50d1cbac27 -> 
  custom:video-decoder-webm-vp8: 9c59270c3fd7afecdb556c50c9e8de78 -> 
  custom:audio-decoder-ogg-vorbis: bf7c407c2cedff20999df2af8eb42d56 -> 
========================================================================
Received Prepare
Registering precompiled user dll's ...
Registered in 0.020933 seconds.
Begin MonoManager ReloadAssembly
Symbol file LoadedFromMemory doesn't match image C:\Users\User\Documents\GitHubArchives\BiroBiro\BiroBiro\Library\PackageCache\com.unity.visualscripting@1.8.0\Editor\VisualScripting.Core\Dependencies\YamlDotNet\Unity.VisualScripting.YamlDotNet.dll
Symbol file LoadedFromMemory doesn't match image C:\Users\User\Documents\GitHubArchives\BiroBiro\BiroBiro\Library\PackageCache\com.unity.visualscripting@1.8.0\Editor\VisualScripting.Core\Dependencies\DotNetZip\Unity.VisualScripting.IonicZip.dll
Native extension for WindowsStandalone target not found
Refreshing native plugins compatible for Editor in 1.70 ms, found 4 plugins.
Preloading 0 native plugins for Editor in 0.00 ms.
Mono: successfully reloaded assembly
- Completed reload, in  5.286 seconds
Domain Reload Profiling:
	ReloadAssembly (5287ms)
		BeginReloadAssembly (1003ms)
			ExecutionOrderSort (0ms)
			DisableScriptedObjects (33ms)
			BackupInstance (0ms)
			ReleaseScriptingObjects (0ms)
			CreateAndSetChildDomain (155ms)
		EndReloadAssembly (3690ms)
			LoadAssemblies (1105ms)
			RebuildTransferFunctionScriptingTraits (0ms)
			SetupTypeCache (983ms)
			ReleaseScriptCaches (2ms)
			RebuildScriptCaches (111ms)
			SetupLoadedEditorAssemblies (1831ms)
				LogAssemblyErrors (0ms)
				InitializePlatformSupportModulesInManaged (26ms)
				SetLoadedEditorAssemblies (4ms)
				RefreshPlugins (2ms)
				BeforeProcessingInitializeOnLoad (177ms)
				ProcessInitializeOnLoadAttributes (1465ms)
				ProcessInitializeOnLoadMethodAttributes (147ms)
				AfterProcessingInitializeOnLoad (11ms)
				EditorAssembliesLoaded (0ms)
			ExecutionOrderSort2 (0ms)
			AwakeInstancesAfterBackupRestoration (23ms)
Platform modules already initialized, skipping
Refreshing native plugins compatible for Editor in 54.50 ms, found 4 plugins.
Preloading 0 native plugins for Editor in 0.00 ms.
Unloading 4412 Unused Serialized files (Serialized files now loaded: 0)
Unloading 32 unused Assets / (195.7 KB). Loaded Objects now: 4995.
Memory consumption went from 169.2 MB to 169.0 MB.
Total: 9.831255 ms (FindLiveObjects: 0.870393 ms CreateObjectMapping: 0.588640 ms MarkObjects: 8.054784 ms  DeleteObjects: 0.314335 ms)

AssetImportParameters requested are different than current active one (requested -> active):
  custom:video-decoder-ogg-theora: a1e56fd34408186e4bbccfd4996cb3dc -> 
  custom:container-muxer-webm: aa71ff27fc2769a1b78a27578f13a17b -> 
  custom:container-demuxer-webm: 4f35f7cbe854078d1ac9338744f61a02 -> 
  custom:video-encoder-webm-vp8: eb34c28f22e8b96e1ab97ce403110664 -> 
  custom:video-codec-MediaFoundation-h265: 55f8c8538cf0483ab7069ead6b737db2 -> 
  custom:audio-encoder-webm-vorbis: bf7c407c2cedff20999df2af8eb42d56 -> 
  custom:framework-win-MediaFoundation: 216162199b28c13a410421893ffa2e32 -> 
  custom:container-demuxer-ogg: 62fdf1f143b41e24485cea50d1cbac27 -> 
  custom:video-decoder-webm-vp8: 9c59270c3fd7afecdb556c50c9e8de78 -> 
  custom:audio-decoder-ogg-vorbis: bf7c407c2cedff20999df2af8eb42d56 -> 
========================================================================
Received Import Request.
  Time since last request: 53.527633 seconds.
  path: Assets/Scripts/Player/SaveSystem.cs
  artifactKey: Guid(b3618a3a78eb91547804a5c56261aefa) Importer(815301076,1909f56bfc062723c751e8b465ee728b)
Start importing Assets/Scripts/Player/SaveSystem.cs using Guid(b3618a3a78eb91547804a5c56261aefa) Importer(815301076,1909f56bfc062723c751e8b465ee728b)  -> (artifact id: '40bb9d01f8562bee702adcec8e27734c') in 0.013408 seconds 
