Using pre-set license
Built from '2021.3/release' branch; Version is '2021.3.17f1 (3e8111cac19d) revision 4096273'; Using compiler version '192829333'; Build Type 'Release'
OS: 'Windows 10  (10.0.14393) 64bit EnterpriseS' Language: 'pt' Physical Memory: 4048 MB
BatchMode: 1, IsHumanControllingUs: 0, StartBugReporterOnCrash: 0, Is64bit: 1, IsPro: 1

COMMAND LINE ARGUMENTS:
C:\Program Files\Unity\Hub\Editor\2021.3.17f1\Editor\Unity.exe
-adb2
-batchMode
-noUpm
-name
AssetImportWorker4
-projectPath
C:/Users/User/Documents/GitHubArchives/BiroBiro/BiroBiro
-logFile
Logs/AssetImportWorker4.log
-srvPort
61818
Successfully changed project path to: C:/Users/User/Documents/GitHubArchives/BiroBiro/BiroBiro
C:/Users/User/Documents/GitHubArchives/BiroBiro/BiroBiro
[UnityMemory] Configuration Parameters - Can be set up in boot.config
    "memorysetup-bucket-allocator-granularity=16"
    "memorysetup-bucket-allocator-bucket-count=8"
    "memorysetup-bucket-allocator-block-size=33554432"
    "memorysetup-bucket-allocator-block-count=8"
    "memorysetup-main-allocator-block-size=16777216"
    "memorysetup-thread-allocator-block-size=16777216"
    "memorysetup-gfx-main-allocator-block-size=16777216"
    "memorysetup-gfx-thread-allocator-block-size=16777216"
    "memorysetup-cache-allocator-block-size=4194304"
    "memorysetup-typetree-allocator-block-size=2097152"
    "memorysetup-profiler-bucket-allocator-granularity=16"
    "memorysetup-profiler-bucket-allocator-bucket-count=8"
    "memorysetup-profiler-bucket-allocator-block-size=33554432"
    "memorysetup-profiler-bucket-allocator-block-count=8"
    "memorysetup-profiler-allocator-block-size=16777216"
    "memorysetup-profiler-editor-allocator-block-size=1048576"
    "memorysetup-temp-allocator-size-main=16777216"
    "memorysetup-job-temp-allocator-block-size=2097152"
    "memorysetup-job-temp-allocator-block-size-background=1048576"
    "memorysetup-job-temp-allocator-reduction-small-platforms=262144"
    "memorysetup-temp-allocator-size-background-worker=32768"
    "memorysetup-temp-allocator-size-job-worker=262144"
    "memorysetup-temp-allocator-size-preload-manager=33554432"
    "memorysetup-temp-allocator-size-nav-mesh-worker=65536"
    "memorysetup-temp-allocator-size-audio-worker=65536"
    "memorysetup-temp-allocator-size-cloud-worker=32768"
    "memorysetup-temp-allocator-size-gi-baking-worker=262144"
    "memorysetup-temp-allocator-size-gfx=262144"
Player connection [9360] Host "[IP] 192.168.0.14 [Port] 0 [Flags] 2 [Guid] 2539799570 [EditorId] 2539799570 [Version] 1048832 [Id] WindowsEditor(7,DESKTOP-H4QVKBJ) [Debug] 1 [PackageName] WindowsEditor [ProjectName] Editor" joined multi-casting on [225.0.0.222:54997]...

Player connection [9360] Host "[IP] 192.168.0.14 [Port] 0 [Flags] 2 [Guid] 2539799570 [EditorId] 2539799570 [Version] 1048832 [Id] WindowsEditor(7,DESKTOP-H4QVKBJ) [Debug] 1 [PackageName] WindowsEditor [ProjectName] Editor" joined alternative multi-casting on [225.0.0.222:34997]...

Refreshing native plugins compatible for Editor in 289.93 ms, found 4 plugins.
Preloading 0 native plugins for Editor in 0.00 ms.
Initialize engine version: 2021.3.17f1 (3e8111cac19d)
[Subsystems] Discovering subsystems at path C:/Program Files/Unity/Hub/Editor/2021.3.17f1/Editor/Data/Resources/UnitySubsystems
[Subsystems] Discovering subsystems at path C:/Users/User/Documents/GitHubArchives/BiroBiro/BiroBiro/Assets
GfxDevice: creating device client; threaded=0; jobified=0
Direct3D:
    Version:  Direct3D 11.0 [level 11.1]
    Renderer: AMD Radeon R7 200 Series (ID=0x683f)
    Vendor:   ATI
    VRAM:     2027 MB
    Driver:   27.20.20912.1002
Initialize mono
Mono path[0] = 'C:/Program Files/Unity/Hub/Editor/2021.3.17f1/Editor/Data/Managed'
Mono path[1] = 'C:/Program Files/Unity/Hub/Editor/2021.3.17f1/Editor/Data/MonoBleedingEdge/lib/mono/unityjit-win32'
Mono config path = 'C:/Program Files/Unity/Hub/Editor/2021.3.17f1/Editor/Data/MonoBleedingEdge/etc'
Using monoOptions --debugger-agent=transport=dt_socket,embedding=1,server=y,suspend=n,address=127.0.0.1:56512
Begin MonoManager ReloadAssembly
Registering precompiled unity dll's ...
Register platform support module: C:/Program Files/Unity/Hub/Editor/2021.3.17f1/Editor/Data/PlaybackEngines/WindowsStandaloneSupport/UnityEditor.WindowsStandalone.Extensions.dll
Registered in 0.005499 seconds.
Native extension for WindowsStandalone target not found
Refreshing native plugins compatible for Editor in 170.75 ms, found 4 plugins.
Preloading 0 native plugins for Editor in 0.00 ms.
Mono: successfully reloaded assembly
- Completed reload, in  1.747 seconds
Domain Reload Profiling:
	ReloadAssembly (1748ms)
		BeginReloadAssembly (134ms)
			ExecutionOrderSort (0ms)
			DisableScriptedObjects (0ms)
			BackupInstance (0ms)
			ReleaseScriptingObjects (0ms)
			CreateAndSetChildDomain (1ms)
		EndReloadAssembly (1398ms)
			LoadAssemblies (131ms)
			RebuildTransferFunctionScriptingTraits (0ms)
			SetupTypeCache (182ms)
			ReleaseScriptCaches (0ms)
			RebuildScriptCaches (47ms)
			SetupLoadedEditorAssemblies (1088ms)
				LogAssemblyErrors (0ms)
				InitializePlatformSupportModulesInManaged (12ms)
				SetLoadedEditorAssemblies (1ms)
				RefreshPlugins (171ms)
				BeforeProcessingInitializeOnLoad (2ms)
				ProcessInitializeOnLoadAttributes (202ms)
				ProcessInitializeOnLoadMethodAttributes (702ms)
				AfterProcessingInitializeOnLoad (0ms)
				EditorAssembliesLoaded (0ms)
			ExecutionOrderSort2 (0ms)
			AwakeInstancesAfterBackupRestoration (0ms)
Platform modules already initialized, skipping
Registering precompiled user dll's ...
Registered in 0.019112 seconds.
Begin MonoManager ReloadAssembly
Native extension for WindowsStandalone target not found
Refreshing native plugins compatible for Editor in 205.87 ms, found 4 plugins.
Preloading 0 native plugins for Editor in 0.00 ms.
Mono: successfully reloaded assembly
- Completed reload, in  2.884 seconds
Domain Reload Profiling:
	ReloadAssembly (2885ms)
		BeginReloadAssembly (217ms)
			ExecutionOrderSort (0ms)
			DisableScriptedObjects (15ms)
			BackupInstance (0ms)
			ReleaseScriptingObjects (0ms)
			CreateAndSetChildDomain (35ms)
		EndReloadAssembly (2451ms)
			LoadAssemblies (160ms)
			RebuildTransferFunctionScriptingTraits (0ms)
			SetupTypeCache (571ms)
			ReleaseScriptCaches (4ms)
			RebuildScriptCaches (117ms)
			SetupLoadedEditorAssemblies (1521ms)
				LogAssemblyErrors (0ms)
				InitializePlatformSupportModulesInManaged (11ms)
				SetLoadedEditorAssemblies (0ms)
				RefreshPlugins (206ms)
				BeforeProcessingInitializeOnLoad (203ms)
				ProcessInitializeOnLoadAttributes (999ms)
				ProcessInitializeOnLoadMethodAttributes (90ms)
				AfterProcessingInitializeOnLoad (11ms)
				EditorAssembliesLoaded (0ms)
			ExecutionOrderSort2 (0ms)
			AwakeInstancesAfterBackupRestoration (11ms)
Platform modules already initialized, skipping
========================================================================
Worker process is ready to serve import requests
Launched and connected shader compiler UnityShaderCompiler.exe after 0.13 seconds
Refreshing native plugins compatible for Editor in 1.18 ms, found 4 plugins.
Preloading 0 native plugins for Editor in 0.00 ms.
Unloading 4427 Unused Serialized files (Serialized files now loaded: 0)
Unloading 47 unused Assets / (229.0 KB). Loaded Objects now: 4879.
Memory consumption went from 166.1 MB to 165.9 MB.
Total: 8.539169 ms (FindLiveObjects: 0.586779 ms CreateObjectMapping: 0.374843 ms MarkObjects: 7.201462 ms  DeleteObjects: 0.373602 ms)

AssetImportParameters requested are different than current active one (requested -> active):
  custom:video-decoder-ogg-theora: a1e56fd34408186e4bbccfd4996cb3dc -> 
  custom:container-muxer-webm: aa71ff27fc2769a1b78a27578f13a17b -> 
  custom:container-demuxer-webm: 4f35f7cbe854078d1ac9338744f61a02 -> 
  custom:video-encoder-webm-vp8: eb34c28f22e8b96e1ab97ce403110664 -> 
  custom:video-codec-MediaFoundation-h265: 55f8c8538cf0483ab7069ead6b737db2 -> 
  custom:audio-encoder-webm-vorbis: bf7c407c2cedff20999df2af8eb42d56 -> 
  custom:framework-win-MediaFoundation: 216162199b28c13a410421893ffa2e32 -> 
  custom:container-demuxer-ogg: 62fdf1f143b41e24485cea50d1cbac27 -> 
  custom:video-decoder-webm-vp8: 9c59270c3fd7afecdb556c50c9e8de78 -> 
  custom:audio-decoder-ogg-vorbis: bf7c407c2cedff20999df2af8eb42d56 -> 
========================================================================
Received Import Request.
  Time since last request: 258725.337120 seconds.
  path: Assets/Inputs.inputactions
  artifactKey: Guid(82eb75800d136264ca2eec48105a0b23) Importer(815301076,1909f56bfc062723c751e8b465ee728b)
Start importing Assets/Inputs.inputactions using Guid(82eb75800d136264ca2eec48105a0b23) Importer(815301076,1909f56bfc062723c751e8b465ee728b)  -> (artifact id: '5a170e12681966739dc386c67f220140') in 0.066049 seconds 
========================================================================
Received Prepare
Registering precompiled user dll's ...
Registered in 0.011156 seconds.
Begin MonoManager ReloadAssembly
Native extension for WindowsStandalone target not found
Refreshing native plugins compatible for Editor in 4.05 ms, found 4 plugins.
Preloading 0 native plugins for Editor in 0.00 ms.
Mono: successfully reloaded assembly
- Completed reload, in  8.208 seconds
Domain Reload Profiling:
	ReloadAssembly (8212ms)
		BeginReloadAssembly (1434ms)
			ExecutionOrderSort (0ms)
			DisableScriptedObjects (182ms)
			BackupInstance (0ms)
			ReleaseScriptingObjects (0ms)
			CreateAndSetChildDomain (556ms)
		EndReloadAssembly (5907ms)
			LoadAssemblies (348ms)
			RebuildTransferFunctionScriptingTraits (0ms)
			SetupTypeCache (942ms)
			ReleaseScriptCaches (11ms)
			RebuildScriptCaches (340ms)
			SetupLoadedEditorAssemblies (3204ms)
				LogAssemblyErrors (0ms)
				InitializePlatformSupportModulesInManaged (52ms)
				SetLoadedEditorAssemblies (3ms)
				RefreshPlugins (4ms)
				BeforeProcessingInitializeOnLoad (258ms)
				ProcessInitializeOnLoadAttributes (2781ms)
				ProcessInitializeOnLoadMethodAttributes (94ms)
				AfterProcessingInitializeOnLoad (9ms)
				EditorAssembliesLoaded (3ms)
			ExecutionOrderSort2 (0ms)
			AwakeInstancesAfterBackupRestoration (128ms)
Platform modules already initialized, skipping
Refreshing native plugins compatible for Editor in 8.98 ms, found 4 plugins.
Preloading 0 native plugins for Editor in 0.00 ms.
Unloading 4409 Unused Serialized files (Serialized files now loaded: 0)
Unloading 32 unused Assets / (195.6 KB). Loaded Objects now: 4883.
Memory consumption went from 164.3 MB to 164.1 MB.
Total: 17.405395 ms (FindLiveObjects: 0.472898 ms CreateObjectMapping: 0.399047 ms MarkObjects: 16.026107 ms  DeleteObjects: 0.505170 ms)

AssetImportParameters requested are different than current active one (requested -> active):
  custom:video-decoder-ogg-theora: a1e56fd34408186e4bbccfd4996cb3dc -> 
  custom:container-muxer-webm: aa71ff27fc2769a1b78a27578f13a17b -> 
  custom:container-demuxer-webm: 4f35f7cbe854078d1ac9338744f61a02 -> 
  custom:video-encoder-webm-vp8: eb34c28f22e8b96e1ab97ce403110664 -> 
  custom:video-codec-MediaFoundation-h265: 55f8c8538cf0483ab7069ead6b737db2 -> 
  custom:audio-encoder-webm-vorbis: bf7c407c2cedff20999df2af8eb42d56 -> 
  custom:framework-win-MediaFoundation: 216162199b28c13a410421893ffa2e32 -> 
  custom:container-demuxer-ogg: 62fdf1f143b41e24485cea50d1cbac27 -> 
  custom:video-decoder-webm-vp8: 9c59270c3fd7afecdb556c50c9e8de78 -> 
  custom:audio-decoder-ogg-vorbis: bf7c407c2cedff20999df2af8eb42d56 -> 
========================================================================
Received Prepare
Registering precompiled user dll's ...
Registered in 0.015369 seconds.
Begin MonoManager ReloadAssembly
Native extension for WindowsStandalone target not found
Refreshing native plugins compatible for Editor in 1.81 ms, found 4 plugins.
Preloading 0 native plugins for Editor in 0.00 ms.
Mono: successfully reloaded assembly
- Completed reload, in  4.057 seconds
Domain Reload Profiling:
	ReloadAssembly (4060ms)
		BeginReloadAssembly (738ms)
			ExecutionOrderSort (0ms)
			DisableScriptedObjects (28ms)
			BackupInstance (0ms)
			ReleaseScriptingObjects (0ms)
			CreateAndSetChildDomain (89ms)
		EndReloadAssembly (3018ms)
			LoadAssemblies (820ms)
			RebuildTransferFunctionScriptingTraits (0ms)
			SetupTypeCache (657ms)
			ReleaseScriptCaches (3ms)
			RebuildScriptCaches (133ms)
			SetupLoadedEditorAssemblies (1574ms)
				LogAssemblyErrors (0ms)
				InitializePlatformSupportModulesInManaged (29ms)
				SetLoadedEditorAssemblies (3ms)
				RefreshPlugins (2ms)
				BeforeProcessingInitializeOnLoad (210ms)
				ProcessInitializeOnLoadAttributes (1205ms)
				ProcessInitializeOnLoadMethodAttributes (111ms)
				AfterProcessingInitializeOnLoad (14ms)
				EditorAssembliesLoaded (0ms)
			ExecutionOrderSort2 (0ms)
			AwakeInstancesAfterBackupRestoration (21ms)
Platform modules already initialized, skipping
Refreshing native plugins compatible for Editor in 13.12 ms, found 4 plugins.
Preloading 0 native plugins for Editor in 0.00 ms.
Unloading 4409 Unused Serialized files (Serialized files now loaded: 0)
Unloading 32 unused Assets / (196.6 KB). Loaded Objects now: 4886.
Memory consumption went from 164.3 MB to 164.1 MB.
Total: 10.724307 ms (FindLiveObjects: 0.803989 ms CreateObjectMapping: 0.402150 ms MarkObjects: 9.176216 ms  DeleteObjects: 0.339159 ms)

AssetImportParameters requested are different than current active one (requested -> active):
  custom:video-decoder-ogg-theora: a1e56fd34408186e4bbccfd4996cb3dc -> 
  custom:container-muxer-webm: aa71ff27fc2769a1b78a27578f13a17b -> 
  custom:container-demuxer-webm: 4f35f7cbe854078d1ac9338744f61a02 -> 
  custom:video-encoder-webm-vp8: eb34c28f22e8b96e1ab97ce403110664 -> 
  custom:video-codec-MediaFoundation-h265: 55f8c8538cf0483ab7069ead6b737db2 -> 
  custom:audio-encoder-webm-vorbis: bf7c407c2cedff20999df2af8eb42d56 -> 
  custom:framework-win-MediaFoundation: 216162199b28c13a410421893ffa2e32 -> 
  custom:container-demuxer-ogg: 62fdf1f143b41e24485cea50d1cbac27 -> 
  custom:video-decoder-webm-vp8: 9c59270c3fd7afecdb556c50c9e8de78 -> 
  custom:audio-decoder-ogg-vorbis: bf7c407c2cedff20999df2af8eb42d56 -> 
========================================================================
Received Prepare
Registering precompiled user dll's ...
Registered in 0.008609 seconds.
Begin MonoManager ReloadAssembly
Native extension for WindowsStandalone target not found
Refreshing native plugins compatible for Editor in 1.34 ms, found 4 plugins.
Preloading 0 native plugins for Editor in 0.00 ms.
Mono: successfully reloaded assembly
- Completed reload, in  3.199 seconds
Domain Reload Profiling:
	ReloadAssembly (3200ms)
		BeginReloadAssembly (269ms)
			ExecutionOrderSort (0ms)
			DisableScriptedObjects (28ms)
			BackupInstance (0ms)
			ReleaseScriptingObjects (0ms)
			CreateAndSetChildDomain (90ms)
		EndReloadAssembly (2773ms)
			LoadAssemblies (136ms)
			RebuildTransferFunctionScriptingTraits (0ms)
			SetupTypeCache (382ms)
			ReleaseScriptCaches (2ms)
			RebuildScriptCaches (76ms)
			SetupLoadedEditorAssemblies (937ms)
				LogAssemblyErrors (0ms)
				InitializePlatformSupportModulesInManaged (19ms)
				SetLoadedEditorAssemblies (1ms)
				RefreshPlugins (1ms)
				BeforeProcessingInitializeOnLoad (116ms)
				ProcessInitializeOnLoadAttributes (736ms)
				ProcessInitializeOnLoadMethodAttributes (56ms)
				AfterProcessingInitializeOnLoad (9ms)
				EditorAssembliesLoaded (0ms)
			ExecutionOrderSort2 (0ms)
			AwakeInstancesAfterBackupRestoration (11ms)
Platform modules already initialized, skipping
Refreshing native plugins compatible for Editor in 5.23 ms, found 4 plugins.
Preloading 0 native plugins for Editor in 0.00 ms.
Unloading 4409 Unused Serialized files (Serialized files now loaded: 0)
Unloading 32 unused Assets / (195.8 KB). Loaded Objects now: 4889.
Memory consumption went from 164.3 MB to 164.1 MB.
Total: 8.378123 ms (FindLiveObjects: 0.701590 ms CreateObjectMapping: 0.357467 ms MarkObjects: 6.930569 ms  DeleteObjects: 0.385394 ms)

AssetImportParameters requested are different than current active one (requested -> active):
  custom:video-decoder-ogg-theora: a1e56fd34408186e4bbccfd4996cb3dc -> 
  custom:container-muxer-webm: aa71ff27fc2769a1b78a27578f13a17b -> 
  custom:container-demuxer-webm: 4f35f7cbe854078d1ac9338744f61a02 -> 
  custom:video-encoder-webm-vp8: eb34c28f22e8b96e1ab97ce403110664 -> 
  custom:video-codec-MediaFoundation-h265: 55f8c8538cf0483ab7069ead6b737db2 -> 
  custom:audio-encoder-webm-vorbis: bf7c407c2cedff20999df2af8eb42d56 -> 
  custom:framework-win-MediaFoundation: 216162199b28c13a410421893ffa2e32 -> 
  custom:container-demuxer-ogg: 62fdf1f143b41e24485cea50d1cbac27 -> 
  custom:video-decoder-webm-vp8: 9c59270c3fd7afecdb556c50c9e8de78 -> 
  custom:audio-decoder-ogg-vorbis: bf7c407c2cedff20999df2af8eb42d56 -> 
========================================================================
Received Import Request.
  Time since last request: 545.534341 seconds.
  path: Packages/com.unity.services.core/Editor/Core/UiHelpers/UXML/AccessTokenError.uxml
  artifactKey: Guid(9bbe9fb6e9537684cac89a4e82cf3d63) Importer(815301076,1909f56bfc062723c751e8b465ee728b)
Start importing Packages/com.unity.services.core/Editor/Core/UiHelpers/UXML/AccessTokenError.uxml using Guid(9bbe9fb6e9537684cac89a4e82cf3d63) Importer(815301076,1909f56bfc062723c751e8b465ee728b)  -> (artifact id: 'bda8d13c388491e806223e61b34fd349') in 0.376016 seconds 
========================================================================
Received Prepare
Registering precompiled user dll's ...
Registered in 0.007731 seconds.
Begin MonoManager ReloadAssembly
Native extension for WindowsStandalone target not found
Refreshing native plugins compatible for Editor in 1.84 ms, found 4 plugins.
Preloading 0 native plugins for Editor in 0.00 ms.
Mono: successfully reloaded assembly
- Completed reload, in  7.400 seconds
Domain Reload Profiling:
	ReloadAssembly (7402ms)
		BeginReloadAssembly (437ms)
			ExecutionOrderSort (0ms)
			DisableScriptedObjects (32ms)
			BackupInstance (0ms)
			ReleaseScriptingObjects (0ms)
			CreateAndSetChildDomain (182ms)
		EndReloadAssembly (6722ms)
			LoadAssemblies (235ms)
			RebuildTransferFunctionScriptingTraits (0ms)
			SetupTypeCache (1337ms)
			ReleaseScriptCaches (7ms)
			RebuildScriptCaches (703ms)
			SetupLoadedEditorAssemblies (3716ms)
				LogAssemblyErrors (0ms)
				InitializePlatformSupportModulesInManaged (60ms)
				SetLoadedEditorAssemblies (2ms)
				RefreshPlugins (2ms)
				BeforeProcessingInitializeOnLoad (480ms)
				ProcessInitializeOnLoadAttributes (2930ms)
				ProcessInitializeOnLoadMethodAttributes (232ms)
				AfterProcessingInitializeOnLoad (11ms)
				EditorAssembliesLoaded (1ms)
			ExecutionOrderSort2 (0ms)
			AwakeInstancesAfterBackupRestoration (19ms)
Platform modules already initialized, skipping
Refreshing native plugins compatible for Editor in 18.29 ms, found 4 plugins.
Preloading 0 native plugins for Editor in 0.00 ms.
Unloading 4409 Unused Serialized files (Serialized files now loaded: 0)
Unloading 32 unused Assets / (196.9 KB). Loaded Objects now: 4892.
Memory consumption went from 164.3 MB to 164.1 MB.
Total: 11.040814 ms (FindLiveObjects: 0.765822 ms CreateObjectMapping: 0.574677 ms MarkObjects: 8.851952 ms  DeleteObjects: 0.846501 ms)

AssetImportParameters requested are different than current active one (requested -> active):
  custom:video-decoder-ogg-theora: a1e56fd34408186e4bbccfd4996cb3dc -> 
  custom:container-muxer-webm: aa71ff27fc2769a1b78a27578f13a17b -> 
  custom:container-demuxer-webm: 4f35f7cbe854078d1ac9338744f61a02 -> 
  custom:video-encoder-webm-vp8: eb34c28f22e8b96e1ab97ce403110664 -> 
  custom:video-codec-MediaFoundation-h265: 55f8c8538cf0483ab7069ead6b737db2 -> 
  custom:audio-encoder-webm-vorbis: bf7c407c2cedff20999df2af8eb42d56 -> 
  custom:framework-win-MediaFoundation: 216162199b28c13a410421893ffa2e32 -> 
  custom:container-demuxer-ogg: 62fdf1f143b41e24485cea50d1cbac27 -> 
  custom:video-decoder-webm-vp8: 9c59270c3fd7afecdb556c50c9e8de78 -> 
  custom:audio-decoder-ogg-vorbis: bf7c407c2cedff20999df2af8eb42d56 -> 
========================================================================
Received Import Request.
  Time since last request: 2304.439187 seconds.
  path: Assets/Prefab/Plat/Cloud.prefab
  artifactKey: Guid(ade240398e239aa4089faaf07f221531) Importer(815301076,1909f56bfc062723c751e8b465ee728b)
Start importing Assets/Prefab/Plat/Cloud.prefab using Guid(ade240398e239aa4089faaf07f221531) Importer(815301076,1909f56bfc062723c751e8b465ee728b)  -> (artifact id: '561271234ed642deb46a790e32ee879e') in 0.277671 seconds 
========================================================================
Received Import Request.
  Time since last request: 6.964709 seconds.
  path: Assets/Prefab/Plat/Cloud.prefab
  artifactKey: Guid(ade240398e239aa4089faaf07f221531) Importer(815301076,1909f56bfc062723c751e8b465ee728b)
Start importing Assets/Prefab/Plat/Cloud.prefab using Guid(ade240398e239aa4089faaf07f221531) Importer(815301076,1909f56bfc062723c751e8b465ee728b)  -> (artifact id: '2ff7e62afde7bd78908ab39f356506a3') in 0.014133 seconds 
========================================================================
Received Import Request.
  Time since last request: 30.598130 seconds.
  path: Assets/Inputs.inputactions
  artifactKey: Guid(82eb75800d136264ca2eec48105a0b23) Importer(815301076,1909f56bfc062723c751e8b465ee728b)
Start importing Assets/Inputs.inputactions using Guid(82eb75800d136264ca2eec48105a0b23) Importer(815301076,1909f56bfc062723c751e8b465ee728b)  -> (artifact id: '1ebc2590e2b1e2b4a8451109bc4fa573') in 0.009811 seconds 
========================================================================
Received Import Request.
  Time since last request: 4.841764 seconds.
  path: Assets/Inputs.inputactions
  artifactKey: Guid(82eb75800d136264ca2eec48105a0b23) Importer(815301076,1909f56bfc062723c751e8b465ee728b)
Start importing Assets/Inputs.inputactions using Guid(82eb75800d136264ca2eec48105a0b23) Importer(815301076,1909f56bfc062723c751e8b465ee728b)  -> (artifact id: '7371214c8992df8504bea464114e2b7b') in 0.003999 seconds 
========================================================================
Received Prepare
Registering precompiled user dll's ...
Registered in 0.008935 seconds.
Begin MonoManager ReloadAssembly
Native extension for WindowsStandalone target not found
Refreshing native plugins compatible for Editor in 1.43 ms, found 4 plugins.
Preloading 0 native plugins for Editor in 0.00 ms.
Mono: successfully reloaded assembly
- Completed reload, in  1.869 seconds
Domain Reload Profiling:
	ReloadAssembly (1870ms)
		BeginReloadAssembly (194ms)
			ExecutionOrderSort (0ms)
			DisableScriptedObjects (21ms)
			BackupInstance (0ms)
			ReleaseScriptingObjects (0ms)
			CreateAndSetChildDomain (55ms)
		EndReloadAssembly (1533ms)
			LoadAssemblies (116ms)
			RebuildTransferFunctionScriptingTraits (0ms)
			SetupTypeCache (364ms)
			ReleaseScriptCaches (2ms)
			RebuildScriptCaches (79ms)
			SetupLoadedEditorAssemblies (876ms)
				LogAssemblyErrors (0ms)
				InitializePlatformSupportModulesInManaged (24ms)
				SetLoadedEditorAssemblies (1ms)
				RefreshPlugins (2ms)
				BeforeProcessingInitializeOnLoad (113ms)
				ProcessInitializeOnLoadAttributes (661ms)
				ProcessInitializeOnLoadMethodAttributes (66ms)
				AfterProcessingInitializeOnLoad (9ms)
				EditorAssembliesLoaded (0ms)
			ExecutionOrderSort2 (0ms)
			AwakeInstancesAfterBackupRestoration (20ms)
Platform modules already initialized, skipping
Refreshing native plugins compatible for Editor in 6.04 ms, found 4 plugins.
Preloading 0 native plugins for Editor in 0.00 ms.
Unloading 4409 Unused Serialized files (Serialized files now loaded: 0)
Unloading 32 unused Assets / (195.7 KB). Loaded Objects now: 4902.
Memory consumption went from 168.7 MB to 168.5 MB.
Total: 7.923222 ms (FindLiveObjects: 0.602604 ms CreateObjectMapping: 0.660941 ms MarkObjects: 6.434709 ms  DeleteObjects: 0.222796 ms)

AssetImportParameters requested are different than current active one (requested -> active):
  custom:video-decoder-ogg-theora: a1e56fd34408186e4bbccfd4996cb3dc -> 
  custom:container-muxer-webm: aa71ff27fc2769a1b78a27578f13a17b -> 
  custom:container-demuxer-webm: 4f35f7cbe854078d1ac9338744f61a02 -> 
  custom:video-encoder-webm-vp8: eb34c28f22e8b96e1ab97ce403110664 -> 
  custom:video-codec-MediaFoundation-h265: 55f8c8538cf0483ab7069ead6b737db2 -> 
  custom:audio-encoder-webm-vorbis: bf7c407c2cedff20999df2af8eb42d56 -> 
  custom:framework-win-MediaFoundation: 216162199b28c13a410421893ffa2e32 -> 
  custom:container-demuxer-ogg: 62fdf1f143b41e24485cea50d1cbac27 -> 
  custom:video-decoder-webm-vp8: 9c59270c3fd7afecdb556c50c9e8de78 -> 
  custom:audio-decoder-ogg-vorbis: bf7c407c2cedff20999df2af8eb42d56 -> 
========================================================================
Received Import Request.
  Time since last request: 15.436536 seconds.
  path: Assets/Inputs.inputactions
  artifactKey: Guid(82eb75800d136264ca2eec48105a0b23) Importer(815301076,1909f56bfc062723c751e8b465ee728b)
Start importing Assets/Inputs.inputactions using Guid(82eb75800d136264ca2eec48105a0b23) Importer(815301076,1909f56bfc062723c751e8b465ee728b)  -> (artifact id: '1508bff8894172577a8faf18fad237fe') in 0.034500 seconds 
========================================================================
Received Prepare
Registering precompiled user dll's ...
Registered in 0.008290 seconds.
Begin MonoManager ReloadAssembly
Native extension for WindowsStandalone target not found
Refreshing native plugins compatible for Editor in 1.18 ms, found 4 plugins.
Preloading 0 native plugins for Editor in 0.00 ms.
Mono: successfully reloaded assembly
- Completed reload, in  1.743 seconds
Domain Reload Profiling:
	ReloadAssembly (1744ms)
		BeginReloadAssembly (174ms)
			ExecutionOrderSort (0ms)
			DisableScriptedObjects (10ms)
			BackupInstance (0ms)
			ReleaseScriptingObjects (0ms)
			CreateAndSetChildDomain (51ms)
		EndReloadAssembly (1431ms)
			LoadAssemblies (110ms)
			RebuildTransferFunctionScriptingTraits (0ms)
			SetupTypeCache (347ms)
			ReleaseScriptCaches (2ms)
			RebuildScriptCaches (69ms)
			SetupLoadedEditorAssemblies (825ms)
				LogAssemblyErrors (0ms)
				InitializePlatformSupportModulesInManaged (16ms)
				SetLoadedEditorAssemblies (1ms)
				RefreshPlugins (1ms)
				BeforeProcessingInitializeOnLoad (117ms)
				ProcessInitializeOnLoadAttributes (631ms)
				ProcessInitializeOnLoadMethodAttributes (51ms)
				AfterProcessingInitializeOnLoad (7ms)
				EditorAssembliesLoaded (0ms)
			ExecutionOrderSort2 (0ms)
			AwakeInstancesAfterBackupRestoration (11ms)
Platform modules already initialized, skipping
Refreshing native plugins compatible for Editor in 4.09 ms, found 4 plugins.
Preloading 0 native plugins for Editor in 0.00 ms.
Unloading 4409 Unused Serialized files (Serialized files now loaded: 0)
Unloading 32 unused Assets / (195.5 KB). Loaded Objects now: 4905.
Memory consumption went from 168.7 MB to 168.6 MB.
Total: 5.576106 ms (FindLiveObjects: 0.380739 ms CreateObjectMapping: 0.204488 ms MarkObjects: 4.773978 ms  DeleteObjects: 0.215349 ms)

AssetImportParameters requested are different than current active one (requested -> active):
  custom:video-decoder-ogg-theora: a1e56fd34408186e4bbccfd4996cb3dc -> 
  custom:container-muxer-webm: aa71ff27fc2769a1b78a27578f13a17b -> 
  custom:container-demuxer-webm: 4f35f7cbe854078d1ac9338744f61a02 -> 
  custom:video-encoder-webm-vp8: eb34c28f22e8b96e1ab97ce403110664 -> 
  custom:video-codec-MediaFoundation-h265: 55f8c8538cf0483ab7069ead6b737db2 -> 
  custom:audio-encoder-webm-vorbis: bf7c407c2cedff20999df2af8eb42d56 -> 
  custom:framework-win-MediaFoundation: 216162199b28c13a410421893ffa2e32 -> 
  custom:container-demuxer-ogg: 62fdf1f143b41e24485cea50d1cbac27 -> 
  custom:video-decoder-webm-vp8: 9c59270c3fd7afecdb556c50c9e8de78 -> 
  custom:audio-decoder-ogg-vorbis: bf7c407c2cedff20999df2af8eb42d56 -> 
========================================================================
Received Import Request.
  Time since last request: 12.912184 seconds.
  path: Assets/Inputs.inputactions
  artifactKey: Guid(82eb75800d136264ca2eec48105a0b23) Importer(815301076,1909f56bfc062723c751e8b465ee728b)
Start importing Assets/Inputs.inputactions using Guid(82eb75800d136264ca2eec48105a0b23) Importer(815301076,1909f56bfc062723c751e8b465ee728b)  -> (artifact id: 'b1f34fc108e658ae01892c04ee6eacec') in 0.034318 seconds 
========================================================================
Received Prepare
Registering precompiled user dll's ...
Registered in 0.012181 seconds.
Begin MonoManager ReloadAssembly
Native extension for WindowsStandalone target not found
Refreshing native plugins compatible for Editor in 2.53 ms, found 4 plugins.
Preloading 0 native plugins for Editor in 0.00 ms.
Mono: successfully reloaded assembly
- Completed reload, in  2.570 seconds
Domain Reload Profiling:
	ReloadAssembly (2571ms)
		BeginReloadAssembly (213ms)
			ExecutionOrderSort (0ms)
			DisableScriptedObjects (11ms)
			BackupInstance (0ms)
			ReleaseScriptingObjects (0ms)
			CreateAndSetChildDomain (65ms)
		EndReloadAssembly (2205ms)
			LoadAssemblies (154ms)
			RebuildTransferFunctionScriptingTraits (0ms)
			SetupTypeCache (549ms)
			ReleaseScriptCaches (3ms)
			RebuildScriptCaches (103ms)
			SetupLoadedEditorAssemblies (1243ms)
				LogAssemblyErrors (0ms)
				InitializePlatformSupportModulesInManaged (42ms)
				SetLoadedEditorAssemblies (1ms)
				RefreshPlugins (3ms)
				BeforeProcessingInitializeOnLoad (152ms)
				ProcessInitializeOnLoadAttributes (956ms)
				ProcessInitializeOnLoadMethodAttributes (78ms)
				AfterProcessingInitializeOnLoad (11ms)
				EditorAssembliesLoaded (0ms)
			ExecutionOrderSort2 (0ms)
			AwakeInstancesAfterBackupRestoration (16ms)
Platform modules already initialized, skipping
Refreshing native plugins compatible for Editor in 5.11 ms, found 4 plugins.
Preloading 0 native plugins for Editor in 0.00 ms.
Unloading 4409 Unused Serialized files (Serialized files now loaded: 0)
Unloading 32 unused Assets / (196.7 KB). Loaded Objects now: 4908.
Memory consumption went from 168.8 MB to 168.6 MB.
Total: 8.565855 ms (FindLiveObjects: 0.591123 ms CreateObjectMapping: 0.312473 ms MarkObjects: 7.373989 ms  DeleteObjects: 0.286097 ms)

AssetImportParameters requested are different than current active one (requested -> active):
  custom:video-decoder-ogg-theora: a1e56fd34408186e4bbccfd4996cb3dc -> 
  custom:container-muxer-webm: aa71ff27fc2769a1b78a27578f13a17b -> 
  custom:container-demuxer-webm: 4f35f7cbe854078d1ac9338744f61a02 -> 
  custom:video-encoder-webm-vp8: eb34c28f22e8b96e1ab97ce403110664 -> 
  custom:video-codec-MediaFoundation-h265: 55f8c8538cf0483ab7069ead6b737db2 -> 
  custom:audio-encoder-webm-vorbis: bf7c407c2cedff20999df2af8eb42d56 -> 
  custom:framework-win-MediaFoundation: 216162199b28c13a410421893ffa2e32 -> 
  custom:container-demuxer-ogg: 62fdf1f143b41e24485cea50d1cbac27 -> 
  custom:video-decoder-webm-vp8: 9c59270c3fd7afecdb556c50c9e8de78 -> 
  custom:audio-decoder-ogg-vorbis: bf7c407c2cedff20999df2af8eb42d56 -> 
========================================================================
Received Prepare
Registering precompiled user dll's ...
Registered in 0.010404 seconds.
Begin MonoManager ReloadAssembly
Native extension for WindowsStandalone target not found
Refreshing native plugins compatible for Editor in 1.80 ms, found 4 plugins.
Preloading 0 native plugins for Editor in 0.00 ms.
Mono: successfully reloaded assembly
- Completed reload, in  3.321 seconds
Domain Reload Profiling:
	ReloadAssembly (3324ms)
		BeginReloadAssembly (480ms)
			ExecutionOrderSort (0ms)
			DisableScriptedObjects (36ms)
			BackupInstance (0ms)
			ReleaseScriptingObjects (0ms)
			CreateAndSetChildDomain (217ms)
		EndReloadAssembly (2551ms)
			LoadAssemblies (209ms)
			RebuildTransferFunctionScriptingTraits (0ms)
			SetupTypeCache (844ms)
			ReleaseScriptCaches (4ms)
			RebuildScriptCaches (122ms)
			SetupLoadedEditorAssemblies (1281ms)
				LogAssemblyErrors (0ms)
				InitializePlatformSupportModulesInManaged (26ms)
				SetLoadedEditorAssemblies (1ms)
				RefreshPlugins (2ms)
				BeforeProcessingInitializeOnLoad (158ms)
				ProcessInitializeOnLoadAttributes (998ms)
				ProcessInitializeOnLoadMethodAttributes (84ms)
				AfterProcessingInitializeOnLoad (11ms)
				EditorAssembliesLoaded (1ms)
			ExecutionOrderSort2 (0ms)
			AwakeInstancesAfterBackupRestoration (18ms)
Platform modules already initialized, skipping
Refreshing native plugins compatible for Editor in 7.25 ms, found 4 plugins.
Preloading 0 native plugins for Editor in 0.00 ms.
Unloading 4409 Unused Serialized files (Serialized files now loaded: 0)
Unloading 32 unused Assets / (195.8 KB). Loaded Objects now: 4911.
Memory consumption went from 168.8 MB to 168.6 MB.
Total: 12.521880 ms (FindLiveObjects: 0.947659 ms CreateObjectMapping: 0.765512 ms MarkObjects: 10.135356 ms  DeleteObjects: 0.671491 ms)

AssetImportParameters requested are different than current active one (requested -> active):
  custom:video-decoder-ogg-theora: a1e56fd34408186e4bbccfd4996cb3dc -> 
  custom:container-muxer-webm: aa71ff27fc2769a1b78a27578f13a17b -> 
  custom:container-demuxer-webm: 4f35f7cbe854078d1ac9338744f61a02 -> 
  custom:video-encoder-webm-vp8: eb34c28f22e8b96e1ab97ce403110664 -> 
  custom:video-codec-MediaFoundation-h265: 55f8c8538cf0483ab7069ead6b737db2 -> 
  custom:audio-encoder-webm-vorbis: bf7c407c2cedff20999df2af8eb42d56 -> 
  custom:framework-win-MediaFoundation: 216162199b28c13a410421893ffa2e32 -> 
  custom:container-demuxer-ogg: 62fdf1f143b41e24485cea50d1cbac27 -> 
  custom:video-decoder-webm-vp8: 9c59270c3fd7afecdb556c50c9e8de78 -> 
  custom:audio-decoder-ogg-vorbis: bf7c407c2cedff20999df2af8eb42d56 -> 
========================================================================
Received Prepare
Registering precompiled user dll's ...
Registered in 0.009084 seconds.
Begin MonoManager ReloadAssembly
Native extension for WindowsStandalone target not found
Refreshing native plugins compatible for Editor in 1.36 ms, found 4 plugins.
Preloading 0 native plugins for Editor in 0.00 ms.
Mono: successfully reloaded assembly
- Completed reload, in  2.602 seconds
Domain Reload Profiling:
	ReloadAssembly (2603ms)
		BeginReloadAssembly (201ms)
			ExecutionOrderSort (0ms)
			DisableScriptedObjects (12ms)
			BackupInstance (0ms)
			ReleaseScriptingObjects (0ms)
			CreateAndSetChildDomain (56ms)
		EndReloadAssembly (2184ms)
			LoadAssemblies (140ms)
			RebuildTransferFunctionScriptingTraits (0ms)
			SetupTypeCache (559ms)
			ReleaseScriptCaches (2ms)
			RebuildScriptCaches (98ms)
			SetupLoadedEditorAssemblies (1242ms)
				LogAssemblyErrors (0ms)
				InitializePlatformSupportModulesInManaged (25ms)
				SetLoadedEditorAssemblies (1ms)
				RefreshPlugins (1ms)
				BeforeProcessingInitializeOnLoad (159ms)
				ProcessInitializeOnLoadAttributes (966ms)
				ProcessInitializeOnLoadMethodAttributes (79ms)
				AfterProcessingInitializeOnLoad (10ms)
				EditorAssembliesLoaded (1ms)
			ExecutionOrderSort2 (0ms)
			AwakeInstancesAfterBackupRestoration (15ms)
Platform modules already initialized, skipping
Refreshing native plugins compatible for Editor in 6.02 ms, found 4 plugins.
Preloading 0 native plugins for Editor in 0.00 ms.
Unloading 4409 Unused Serialized files (Serialized files now loaded: 0)
Unloading 32 unused Assets / (195.8 KB). Loaded Objects now: 4914.
Memory consumption went from 168.8 MB to 168.6 MB.
Total: 7.491283 ms (FindLiveObjects: 0.388497 ms CreateObjectMapping: 0.202626 ms MarkObjects: 6.657194 ms  DeleteObjects: 0.240793 ms)

AssetImportParameters requested are different than current active one (requested -> active):
  custom:video-decoder-ogg-theora: a1e56fd34408186e4bbccfd4996cb3dc -> 
  custom:container-muxer-webm: aa71ff27fc2769a1b78a27578f13a17b -> 
  custom:container-demuxer-webm: 4f35f7cbe854078d1ac9338744f61a02 -> 
  custom:video-encoder-webm-vp8: eb34c28f22e8b96e1ab97ce403110664 -> 
  custom:video-codec-MediaFoundation-h265: 55f8c8538cf0483ab7069ead6b737db2 -> 
  custom:audio-encoder-webm-vorbis: bf7c407c2cedff20999df2af8eb42d56 -> 
  custom:framework-win-MediaFoundation: 216162199b28c13a410421893ffa2e32 -> 
  custom:container-demuxer-ogg: 62fdf1f143b41e24485cea50d1cbac27 -> 
  custom:video-decoder-webm-vp8: 9c59270c3fd7afecdb556c50c9e8de78 -> 
  custom:audio-decoder-ogg-vorbis: bf7c407c2cedff20999df2af8eb42d56 -> 
========================================================================
Received Prepare
Registering precompiled user dll's ...
Registered in 0.011505 seconds.
Begin MonoManager ReloadAssembly
Native extension for WindowsStandalone target not found
Refreshing native plugins compatible for Editor in 1.62 ms, found 4 plugins.
Preloading 0 native plugins for Editor in 0.00 ms.
Mono: successfully reloaded assembly
- Completed reload, in  3.121 seconds
Domain Reload Profiling:
	ReloadAssembly (3123ms)
		BeginReloadAssembly (277ms)
			ExecutionOrderSort (0ms)
			DisableScriptedObjects (12ms)
			BackupInstance (0ms)
			ReleaseScriptingObjects (0ms)
			CreateAndSetChildDomain (60ms)
		EndReloadAssembly (2565ms)
			LoadAssemblies (234ms)
			RebuildTransferFunctionScriptingTraits (0ms)
			SetupTypeCache (799ms)
			ReleaseScriptCaches (3ms)
			RebuildScriptCaches (149ms)
			SetupLoadedEditorAssemblies (1207ms)
				LogAssemblyErrors (0ms)
				InitializePlatformSupportModulesInManaged (24ms)
				SetLoadedEditorAssemblies (1ms)
				RefreshPlugins (2ms)
				BeforeProcessingInitializeOnLoad (151ms)
				ProcessInitializeOnLoadAttributes (935ms)
				ProcessInitializeOnLoadMethodAttributes (79ms)
				AfterProcessingInitializeOnLoad (15ms)
				EditorAssembliesLoaded (0ms)
			ExecutionOrderSort2 (0ms)
			AwakeInstancesAfterBackupRestoration (23ms)
Platform modules already initialized, skipping
Refreshing native plugins compatible for Editor in 5.50 ms, found 4 plugins.
Preloading 0 native plugins for Editor in 0.00 ms.
Unloading 4409 Unused Serialized files (Serialized files now loaded: 0)
Unloading 32 unused Assets / (195.8 KB). Loaded Objects now: 4917.
Memory consumption went from 168.8 MB to 168.6 MB.
Total: 6.978356 ms (FindLiveObjects: 0.384152 ms CreateObjectMapping: 0.202937 ms MarkObjects: 6.165367 ms  DeleteObjects: 0.224348 ms)

AssetImportParameters requested are different than current active one (requested -> active):
  custom:video-decoder-ogg-theora: a1e56fd34408186e4bbccfd4996cb3dc -> 
  custom:container-muxer-webm: aa71ff27fc2769a1b78a27578f13a17b -> 
  custom:container-demuxer-webm: 4f35f7cbe854078d1ac9338744f61a02 -> 
  custom:video-encoder-webm-vp8: eb34c28f22e8b96e1ab97ce403110664 -> 
  custom:video-codec-MediaFoundation-h265: 55f8c8538cf0483ab7069ead6b737db2 -> 
  custom:audio-encoder-webm-vorbis: bf7c407c2cedff20999df2af8eb42d56 -> 
  custom:framework-win-MediaFoundation: 216162199b28c13a410421893ffa2e32 -> 
  custom:container-demuxer-ogg: 62fdf1f143b41e24485cea50d1cbac27 -> 
  custom:video-decoder-webm-vp8: 9c59270c3fd7afecdb556c50c9e8de78 -> 
  custom:audio-decoder-ogg-vorbis: bf7c407c2cedff20999df2af8eb42d56 -> 
========================================================================
Received Import Request.
  Time since last request: 983.909061 seconds.
  path: Assets/Scripts/BackImages.cs
  artifactKey: Guid(70a8526eb2dba564fa573849b0e944a3) Importer(815301076,1909f56bfc062723c751e8b465ee728b)
Start importing Assets/Scripts/BackImages.cs using Guid(70a8526eb2dba564fa573849b0e944a3) Importer(815301076,1909f56bfc062723c751e8b465ee728b)  -> (artifact id: '268b0bd5291f37d4b265e45e474268b1') in 0.028485 seconds 
========================================================================
Received Prepare
Registering precompiled user dll's ...
Registered in 0.010469 seconds.
Begin MonoManager ReloadAssembly
Native extension for WindowsStandalone target not found
Refreshing native plugins compatible for Editor in 1.18 ms, found 4 plugins.
Preloading 0 native plugins for Editor in 0.00 ms.
Mono: successfully reloaded assembly
- Completed reload, in  1.734 seconds
Domain Reload Profiling:
	ReloadAssembly (1735ms)
		BeginReloadAssembly (220ms)
			ExecutionOrderSort (0ms)
			DisableScriptedObjects (15ms)
			BackupInstance (0ms)
			ReleaseScriptingObjects (0ms)
			CreateAndSetChildDomain (67ms)
		EndReloadAssembly (1375ms)
			LoadAssemblies (126ms)
			RebuildTransferFunctionScriptingTraits (0ms)
			SetupTypeCache (340ms)
			ReleaseScriptCaches (2ms)
			RebuildScriptCaches (66ms)
			SetupLoadedEditorAssemblies (785ms)
				LogAssemblyErrors (0ms)
				InitializePlatformSupportModulesInManaged (16ms)
				SetLoadedEditorAssemblies (1ms)
				RefreshPlugins (1ms)
				BeforeProcessingInitializeOnLoad (105ms)
				ProcessInitializeOnLoadAttributes (604ms)
				ProcessInitializeOnLoadMethodAttributes (50ms)
				AfterProcessingInitializeOnLoad (9ms)
				EditorAssembliesLoaded (0ms)
			ExecutionOrderSort2 (0ms)
			AwakeInstancesAfterBackupRestoration (11ms)
Platform modules already initialized, skipping
Refreshing native plugins compatible for Editor in 3.51 ms, found 4 plugins.
Preloading 0 native plugins for Editor in 0.00 ms.
Unloading 4409 Unused Serialized files (Serialized files now loaded: 0)
Unloading 32 unused Assets / (195.7 KB). Loaded Objects now: 4920.
Memory consumption went from 168.8 MB to 168.6 MB.
Total: 6.590169 ms (FindLiveObjects: 0.375774 ms CreateObjectMapping: 0.172217 ms MarkObjects: 5.819382 ms  DeleteObjects: 0.220314 ms)

AssetImportParameters requested are different than current active one (requested -> active):
  custom:video-decoder-ogg-theora: a1e56fd34408186e4bbccfd4996cb3dc -> 
  custom:container-muxer-webm: aa71ff27fc2769a1b78a27578f13a17b -> 
  custom:container-demuxer-webm: 4f35f7cbe854078d1ac9338744f61a02 -> 
  custom:video-encoder-webm-vp8: eb34c28f22e8b96e1ab97ce403110664 -> 
  custom:video-codec-MediaFoundation-h265: 55f8c8538cf0483ab7069ead6b737db2 -> 
  custom:audio-encoder-webm-vorbis: bf7c407c2cedff20999df2af8eb42d56 -> 
  custom:framework-win-MediaFoundation: 216162199b28c13a410421893ffa2e32 -> 
  custom:container-demuxer-ogg: 62fdf1f143b41e24485cea50d1cbac27 -> 
  custom:video-decoder-webm-vp8: 9c59270c3fd7afecdb556c50c9e8de78 -> 
  custom:audio-decoder-ogg-vorbis: bf7c407c2cedff20999df2af8eb42d56 -> 
========================================================================
Received Import Request.
  Time since last request: 13.650881 seconds.
  path: Assets/Scripts/BackImages.cs
  artifactKey: Guid(70a8526eb2dba564fa573849b0e944a3) Importer(815301076,1909f56bfc062723c751e8b465ee728b)
Start importing Assets/Scripts/BackImages.cs using Guid(70a8526eb2dba564fa573849b0e944a3) Importer(815301076,1909f56bfc062723c751e8b465ee728b)  -> (artifact id: '00000000000000000000000000000000') in 0.001547 seconds  code(4) message(Build asset version error: assets/scripts/backimages.cs in SourceAssetDB has modification time of '2023-09-07T21:14:10.6630951Z' while content on disk has modification time of '2023-09-07T21:14:17.3109294Z')
  ERROR: Build asset version error: assets/scripts/backimages.cs in SourceAssetDB has modification time of '2023-09-07T21:14:10.6630951Z' while content on disk has modification time of '2023-09-07T21:14:17.3109294Z'
========================================================================
Received Import Request.
  Time since last request: 19.416596 seconds.
  path: Assets/Scripts/BackImages.cs
  artifactKey: Guid(70a8526eb2dba564fa573849b0e944a3) Importer(815301076,1909f56bfc062723c751e8b465ee728b)
Start importing Assets/Scripts/BackImages.cs using Guid(70a8526eb2dba564fa573849b0e944a3) Importer(815301076,1909f56bfc062723c751e8b465ee728b)  -> (artifact id: '731ea8033940fab7a67521ab0ef24577') in 0.009055 seconds 
========================================================================
Received Prepare
Registering precompiled user dll's ...
Registered in 0.010199 seconds.
Begin MonoManager ReloadAssembly
Native extension for WindowsStandalone target not found
Refreshing native plugins compatible for Editor in 1.28 ms, found 4 plugins.
Preloading 0 native plugins for Editor in 0.00 ms.
Mono: successfully reloaded assembly
- Completed reload, in  2.207 seconds
Domain Reload Profiling:
	ReloadAssembly (2208ms)
		BeginReloadAssembly (200ms)
			ExecutionOrderSort (0ms)
			DisableScriptedObjects (10ms)
			BackupInstance (0ms)
			ReleaseScriptingObjects (0ms)
			CreateAndSetChildDomain (53ms)
		EndReloadAssembly (1873ms)
			LoadAssemblies (126ms)
			RebuildTransferFunctionScriptingTraits (0ms)
			SetupTypeCache (371ms)
			ReleaseScriptCaches (3ms)
			RebuildScriptCaches (87ms)
			SetupLoadedEditorAssemblies (1186ms)
				LogAssemblyErrors (0ms)
				InitializePlatformSupportModulesInManaged (17ms)
				SetLoadedEditorAssemblies (1ms)
				RefreshPlugins (1ms)
				BeforeProcessingInitializeOnLoad (114ms)
				ProcessInitializeOnLoadAttributes (991ms)
				ProcessInitializeOnLoadMethodAttributes (52ms)
				AfterProcessingInitializeOnLoad (10ms)
				EditorAssembliesLoaded (0ms)
			ExecutionOrderSort2 (0ms)
			AwakeInstancesAfterBackupRestoration (11ms)
Platform modules already initialized, skipping
Refreshing native plugins compatible for Editor in 4.06 ms, found 4 plugins.
Preloading 0 native plugins for Editor in 0.00 ms.
Unloading 4409 Unused Serialized files (Serialized files now loaded: 0)
Unloading 32 unused Assets / (195.8 KB). Loaded Objects now: 4923.
Memory consumption went from 168.8 MB to 168.6 MB.
Total: 7.210150 ms (FindLiveObjects: 0.639530 ms CreateObjectMapping: 0.267169 ms MarkObjects: 5.973601 ms  DeleteObjects: 0.327367 ms)

AssetImportParameters requested are different than current active one (requested -> active):
  custom:video-decoder-ogg-theora: a1e56fd34408186e4bbccfd4996cb3dc -> 
  custom:container-muxer-webm: aa71ff27fc2769a1b78a27578f13a17b -> 
  custom:container-demuxer-webm: 4f35f7cbe854078d1ac9338744f61a02 -> 
  custom:video-encoder-webm-vp8: eb34c28f22e8b96e1ab97ce403110664 -> 
  custom:video-codec-MediaFoundation-h265: 55f8c8538cf0483ab7069ead6b737db2 -> 
  custom:audio-encoder-webm-vorbis: bf7c407c2cedff20999df2af8eb42d56 -> 
  custom:framework-win-MediaFoundation: 216162199b28c13a410421893ffa2e32 -> 
  custom:container-demuxer-ogg: 62fdf1f143b41e24485cea50d1cbac27 -> 
  custom:video-decoder-webm-vp8: 9c59270c3fd7afecdb556c50c9e8de78 -> 
  custom:audio-decoder-ogg-vorbis: bf7c407c2cedff20999df2af8eb42d56 -> 
========================================================================
Received Prepare
Registering precompiled user dll's ...
Registered in 0.007097 seconds.
Begin MonoManager ReloadAssembly
Native extension for WindowsStandalone target not found
Refreshing native plugins compatible for Editor in 1.18 ms, found 4 plugins.
Preloading 0 native plugins for Editor in 0.00 ms.
Mono: successfully reloaded assembly
- Completed reload, in  1.790 seconds
Domain Reload Profiling:
	ReloadAssembly (1791ms)
		BeginReloadAssembly (206ms)
			ExecutionOrderSort (0ms)
			DisableScriptedObjects (11ms)
			BackupInstance (0ms)
			ReleaseScriptingObjects (0ms)
			CreateAndSetChildDomain (60ms)
		EndReloadAssembly (1420ms)
			LoadAssemblies (129ms)
			RebuildTransferFunctionScriptingTraits (0ms)
			SetupTypeCache (340ms)
			ReleaseScriptCaches (2ms)
			RebuildScriptCaches (74ms)
			SetupLoadedEditorAssemblies (814ms)
				LogAssemblyErrors (0ms)
				InitializePlatformSupportModulesInManaged (16ms)
				SetLoadedEditorAssemblies (1ms)
				RefreshPlugins (1ms)
				BeforeProcessingInitializeOnLoad (109ms)
				ProcessInitializeOnLoadAttributes (628ms)
				ProcessInitializeOnLoadMethodAttributes (51ms)
				AfterProcessingInitializeOnLoad (8ms)
				EditorAssembliesLoaded (0ms)
			ExecutionOrderSort2 (0ms)
			AwakeInstancesAfterBackupRestoration (11ms)
Platform modules already initialized, skipping
Refreshing native plugins compatible for Editor in 3.63 ms, found 4 plugins.
Preloading 0 native plugins for Editor in 0.00 ms.
Unloading 4409 Unused Serialized files (Serialized files now loaded: 0)
Unloading 32 unused Assets / (195.6 KB). Loaded Objects now: 4926.
Memory consumption went from 168.8 MB to 168.6 MB.
Total: 6.140233 ms (FindLiveObjects: 0.397495 ms CreateObjectMapping: 0.193317 ms MarkObjects: 5.309558 ms  DeleteObjects: 0.238001 ms)

AssetImportParameters requested are different than current active one (requested -> active):
  custom:video-decoder-ogg-theora: a1e56fd34408186e4bbccfd4996cb3dc -> 
  custom:container-muxer-webm: aa71ff27fc2769a1b78a27578f13a17b -> 
  custom:container-demuxer-webm: 4f35f7cbe854078d1ac9338744f61a02 -> 
  custom:video-encoder-webm-vp8: eb34c28f22e8b96e1ab97ce403110664 -> 
  custom:video-codec-MediaFoundation-h265: 55f8c8538cf0483ab7069ead6b737db2 -> 
  custom:audio-encoder-webm-vorbis: bf7c407c2cedff20999df2af8eb42d56 -> 
  custom:framework-win-MediaFoundation: 216162199b28c13a410421893ffa2e32 -> 
  custom:container-demuxer-ogg: 62fdf1f143b41e24485cea50d1cbac27 -> 
  custom:video-decoder-webm-vp8: 9c59270c3fd7afecdb556c50c9e8de78 -> 
  custom:audio-decoder-ogg-vorbis: bf7c407c2cedff20999df2af8eb42d56 -> 
========================================================================
Received Prepare
Registering precompiled user dll's ...
Registered in 0.006949 seconds.
Begin MonoManager ReloadAssembly
Native extension for WindowsStandalone target not found
Refreshing native plugins compatible for Editor in 2.12 ms, found 4 plugins.
Preloading 0 native plugins for Editor in 0.00 ms.
Mono: successfully reloaded assembly
- Completed reload, in  2.542 seconds
Domain Reload Profiling:
	ReloadAssembly (2544ms)
		BeginReloadAssembly (189ms)
			ExecutionOrderSort (0ms)
			DisableScriptedObjects (14ms)
			BackupInstance (0ms)
			ReleaseScriptingObjects (0ms)
			CreateAndSetChildDomain (53ms)
		EndReloadAssembly (2151ms)
			LoadAssemblies (130ms)
			RebuildTransferFunctionScriptingTraits (0ms)
			SetupTypeCache (542ms)
			ReleaseScriptCaches (2ms)
			RebuildScriptCaches (106ms)
			SetupLoadedEditorAssemblies (1219ms)
				LogAssemblyErrors (0ms)
				InitializePlatformSupportModulesInManaged (25ms)
				SetLoadedEditorAssemblies (1ms)
				RefreshPlugins (2ms)
				BeforeProcessingInitializeOnLoad (154ms)
				ProcessInitializeOnLoadAttributes (949ms)
				ProcessInitializeOnLoadMethodAttributes (74ms)
				AfterProcessingInitializeOnLoad (12ms)
				EditorAssembliesLoaded (0ms)
			ExecutionOrderSort2 (0ms)
			AwakeInstancesAfterBackupRestoration (17ms)
Platform modules already initialized, skipping
Refreshing native plugins compatible for Editor in 8.09 ms, found 4 plugins.
Preloading 0 native plugins for Editor in 0.00 ms.
Unloading 4409 Unused Serialized files (Serialized files now loaded: 0)
Unloading 32 unused Assets / (195.6 KB). Loaded Objects now: 4929.
Memory consumption went from 168.8 MB to 168.6 MB.
Total: 7.996763 ms (FindLiveObjects: 0.478794 ms CreateObjectMapping: 0.500205 ms MarkObjects: 6.769523 ms  DeleteObjects: 0.245758 ms)

AssetImportParameters requested are different than current active one (requested -> active):
  custom:video-decoder-ogg-theora: a1e56fd34408186e4bbccfd4996cb3dc -> 
  custom:container-muxer-webm: aa71ff27fc2769a1b78a27578f13a17b -> 
  custom:container-demuxer-webm: 4f35f7cbe854078d1ac9338744f61a02 -> 
  custom:video-encoder-webm-vp8: eb34c28f22e8b96e1ab97ce403110664 -> 
  custom:video-codec-MediaFoundation-h265: 55f8c8538cf0483ab7069ead6b737db2 -> 
  custom:audio-encoder-webm-vorbis: bf7c407c2cedff20999df2af8eb42d56 -> 
  custom:framework-win-MediaFoundation: 216162199b28c13a410421893ffa2e32 -> 
  custom:container-demuxer-ogg: 62fdf1f143b41e24485cea50d1cbac27 -> 
  custom:video-decoder-webm-vp8: 9c59270c3fd7afecdb556c50c9e8de78 -> 
  custom:audio-decoder-ogg-vorbis: bf7c407c2cedff20999df2af8eb42d56 -> 
========================================================================
Received Import Request.
  Time since last request: 88.720706 seconds.
  path: Assets/Scripts/GameManager.cs
  artifactKey: Guid(7cdcfaf655018a5449aa81c77d6623da) Importer(815301076,1909f56bfc062723c751e8b465ee728b)
Start importing Assets/Scripts/GameManager.cs using Guid(7cdcfaf655018a5449aa81c77d6623da) Importer(815301076,1909f56bfc062723c751e8b465ee728b)  -> (artifact id: '5263ff01f3a5c7d1000576995971c239') in 0.030809 seconds 
========================================================================
Received Import Request.
  Time since last request: 198.205554 seconds.
  path: Assets/Scripts/GameManager.cs
  artifactKey: Guid(7cdcfaf655018a5449aa81c77d6623da) Importer(815301076,1909f56bfc062723c751e8b465ee728b)
Start importing Assets/Scripts/GameManager.cs using Guid(7cdcfaf655018a5449aa81c77d6623da) Importer(815301076,1909f56bfc062723c751e8b465ee728b)  -> (artifact id: '32e4caaa24dab9920eb26cc8f675eae9') in 0.061565 seconds 
========================================================================
Received Prepare
Registering precompiled user dll's ...
Registered in 0.009295 seconds.
Begin MonoManager ReloadAssembly
Native extension for WindowsStandalone target not found
Refreshing native plugins compatible for Editor in 2.24 ms, found 4 plugins.
Preloading 0 native plugins for Editor in 0.00 ms.
Mono: successfully reloaded assembly
- Completed reload, in  4.687 seconds
Domain Reload Profiling:
	ReloadAssembly (4697ms)
		BeginReloadAssembly (1936ms)
			ExecutionOrderSort (0ms)
			DisableScriptedObjects (177ms)
			BackupInstance (0ms)
			ReleaseScriptingObjects (0ms)
			CreateAndSetChildDomain (600ms)
		EndReloadAssembly (2558ms)
			LoadAssemblies (1244ms)
			RebuildTransferFunctionScriptingTraits (1ms)
			SetupTypeCache (673ms)
			ReleaseScriptCaches (3ms)
			RebuildScriptCaches (96ms)
			SetupLoadedEditorAssemblies (1096ms)
				LogAssemblyErrors (0ms)
				InitializePlatformSupportModulesInManaged (26ms)
				SetLoadedEditorAssemblies (3ms)
				RefreshPlugins (2ms)
				BeforeProcessingInitializeOnLoad (157ms)
				ProcessInitializeOnLoadAttributes (823ms)
				ProcessInitializeOnLoadMethodAttributes (76ms)
				AfterProcessingInitializeOnLoad (8ms)
				EditorAssembliesLoaded (1ms)
			ExecutionOrderSort2 (0ms)
			AwakeInstancesAfterBackupRestoration (18ms)
Platform modules already initialized, skipping
Refreshing native plugins compatible for Editor in 19.63 ms, found 4 plugins.
Preloading 0 native plugins for Editor in 0.00 ms.
Unloading 4409 Unused Serialized files (Serialized files now loaded: 0)
Unloading 32 unused Assets / (195.8 KB). Loaded Objects now: 4932.
Memory consumption went from 168.8 MB to 168.6 MB.
Total: 39.688719 ms (FindLiveObjects: 0.832537 ms CreateObjectMapping: 0.435352 ms MarkObjects: 37.774162 ms  DeleteObjects: 0.644185 ms)

AssetImportParameters requested are different than current active one (requested -> active):
  custom:video-decoder-ogg-theora: a1e56fd34408186e4bbccfd4996cb3dc -> 
  custom:container-muxer-webm: aa71ff27fc2769a1b78a27578f13a17b -> 
  custom:container-demuxer-webm: 4f35f7cbe854078d1ac9338744f61a02 -> 
  custom:video-encoder-webm-vp8: eb34c28f22e8b96e1ab97ce403110664 -> 
  custom:video-codec-MediaFoundation-h265: 55f8c8538cf0483ab7069ead6b737db2 -> 
  custom:audio-encoder-webm-vorbis: bf7c407c2cedff20999df2af8eb42d56 -> 
  custom:framework-win-MediaFoundation: 216162199b28c13a410421893ffa2e32 -> 
  custom:container-demuxer-ogg: 62fdf1f143b41e24485cea50d1cbac27 -> 
  custom:video-decoder-webm-vp8: 9c59270c3fd7afecdb556c50c9e8de78 -> 
  custom:audio-decoder-ogg-vorbis: bf7c407c2cedff20999df2af8eb42d56 -> 
========================================================================
Received Import Request.
  Time since last request: 83.651182 seconds.
  path: Assets/Scripts/GameManager.cs
  artifactKey: Guid(7cdcfaf655018a5449aa81c77d6623da) Importer(815301076,1909f56bfc062723c751e8b465ee728b)
Start importing Assets/Scripts/GameManager.cs using Guid(7cdcfaf655018a5449aa81c77d6623da) Importer(815301076,1909f56bfc062723c751e8b465ee728b)  -> (artifact id: 'fb372bcdc55848468384db68f742c27a') in 0.014734 seconds 
========================================================================
Received Prepare
Registering precompiled user dll's ...
Registered in 0.009459 seconds.
Begin MonoManager ReloadAssembly
Native extension for WindowsStandalone target not found
Refreshing native plugins compatible for Editor in 1.37 ms, found 4 plugins.
Preloading 0 native plugins for Editor in 0.00 ms.
Mono: successfully reloaded assembly
- Completed reload, in  2.150 seconds
Domain Reload Profiling:
	ReloadAssembly (2151ms)
		BeginReloadAssembly (205ms)
			ExecutionOrderSort (0ms)
			DisableScriptedObjects (10ms)
			BackupInstance (0ms)
			ReleaseScriptingObjects (0ms)
			CreateAndSetChildDomain (56ms)
		EndReloadAssembly (1767ms)
			LoadAssemblies (133ms)
			RebuildTransferFunctionScriptingTraits (0ms)
			SetupTypeCache (423ms)
			ReleaseScriptCaches (3ms)
			RebuildScriptCaches (80ms)
			SetupLoadedEditorAssemblies (1029ms)
				LogAssemblyErrors (0ms)
				InitializePlatformSupportModulesInManaged (19ms)
				SetLoadedEditorAssemblies (1ms)
				RefreshPlugins (1ms)
				BeforeProcessingInitializeOnLoad (125ms)
				ProcessInitializeOnLoadAttributes (801ms)
				ProcessInitializeOnLoadMethodAttributes (73ms)
				AfterProcessingInitializeOnLoad (8ms)
				EditorAssembliesLoaded (0ms)
			ExecutionOrderSort2 (0ms)
			AwakeInstancesAfterBackupRestoration (15ms)
Platform modules already initialized, skipping
Refreshing native plugins compatible for Editor in 4.89 ms, found 4 plugins.
Preloading 0 native plugins for Editor in 0.00 ms.
Unloading 4409 Unused Serialized files (Serialized files now loaded: 0)
Unloading 32 unused Assets / (195.7 KB). Loaded Objects now: 4935.
Memory consumption went from 168.8 MB to 168.6 MB.
Total: 9.118811 ms (FindLiveObjects: 0.422009 ms CreateObjectMapping: 0.187422 ms MarkObjects: 8.281929 ms  DeleteObjects: 0.225899 ms)

AssetImportParameters requested are different than current active one (requested -> active):
  custom:video-decoder-ogg-theora: a1e56fd34408186e4bbccfd4996cb3dc -> 
  custom:container-muxer-webm: aa71ff27fc2769a1b78a27578f13a17b -> 
  custom:container-demuxer-webm: 4f35f7cbe854078d1ac9338744f61a02 -> 
  custom:video-encoder-webm-vp8: eb34c28f22e8b96e1ab97ce403110664 -> 
  custom:video-codec-MediaFoundation-h265: 55f8c8538cf0483ab7069ead6b737db2 -> 
  custom:audio-encoder-webm-vorbis: bf7c407c2cedff20999df2af8eb42d56 -> 
  custom:framework-win-MediaFoundation: 216162199b28c13a410421893ffa2e32 -> 
  custom:container-demuxer-ogg: 62fdf1f143b41e24485cea50d1cbac27 -> 
  custom:video-decoder-webm-vp8: 9c59270c3fd7afecdb556c50c9e8de78 -> 
  custom:audio-decoder-ogg-vorbis: bf7c407c2cedff20999df2af8eb42d56 -> 
========================================================================
Received Import Request.
  Time since last request: 16.688163 seconds.
  path: Assets/Scripts/GameManager.cs
  artifactKey: Guid(7cdcfaf655018a5449aa81c77d6623da) Importer(815301076,1909f56bfc062723c751e8b465ee728b)
Start importing Assets/Scripts/GameManager.cs using Guid(7cdcfaf655018a5449aa81c77d6623da) Importer(815301076,1909f56bfc062723c751e8b465ee728b)  -> (artifact id: '4934efd8eaf6d3b1d03c1456da4dce66') in 0.012560 seconds 
========================================================================
Received Import Request.
  Time since last request: 51.609976 seconds.
  path: Assets/Scripts/GameManager.cs
  artifactKey: Guid(7cdcfaf655018a5449aa81c77d6623da) Importer(815301076,1909f56bfc062723c751e8b465ee728b)
Start importing Assets/Scripts/GameManager.cs using Guid(7cdcfaf655018a5449aa81c77d6623da) Importer(815301076,1909f56bfc062723c751e8b465ee728b)  -> (artifact id: '00000000000000000000000000000000') in 0.004609 seconds  code(4) message(Build asset version error: assets/scripts/gamemanager.cs in SourceAssetDB has modification time of '2023-09-07T21:22:02.8721578Z' while content on disk has modification time of '2023-09-07T21:22:03.4852415Z')
  ERROR: Build asset version error: assets/scripts/gamemanager.cs in SourceAssetDB has modification time of '2023-09-07T21:22:02.8721578Z' while content on disk has modification time of '2023-09-07T21:22:03.4852415Z'
========================================================================
Received Prepare
Registering precompiled user dll's ...
Registered in 0.007678 seconds.
Begin MonoManager ReloadAssembly
Native extension for WindowsStandalone target not found
Refreshing native plugins compatible for Editor in 1.42 ms, found 4 plugins.
Preloading 0 native plugins for Editor in 0.00 ms.
Mono: successfully reloaded assembly
- Completed reload, in  2.442 seconds
Domain Reload Profiling:
	ReloadAssembly (2444ms)
		BeginReloadAssembly (469ms)
			ExecutionOrderSort (0ms)
			DisableScriptedObjects (22ms)
			BackupInstance (0ms)
			ReleaseScriptingObjects (0ms)
			CreateAndSetChildDomain (99ms)
		EndReloadAssembly (1823ms)
			LoadAssemblies (589ms)
			RebuildTransferFunctionScriptingTraits (0ms)
			SetupTypeCache (385ms)
			ReleaseScriptCaches (2ms)
			RebuildScriptCaches (68ms)
			SetupLoadedEditorAssemblies (904ms)
				LogAssemblyErrors (0ms)
				InitializePlatformSupportModulesInManaged (17ms)
				SetLoadedEditorAssemblies (1ms)
				RefreshPlugins (2ms)
				BeforeProcessingInitializeOnLoad (121ms)
				ProcessInitializeOnLoadAttributes (700ms)
				ProcessInitializeOnLoadMethodAttributes (56ms)
				AfterProcessingInitializeOnLoad (8ms)
				EditorAssembliesLoaded (0ms)
			ExecutionOrderSort2 (0ms)
			AwakeInstancesAfterBackupRestoration (11ms)
Platform modules already initialized, skipping
Refreshing native plugins compatible for Editor in 14.30 ms, found 4 plugins.
Preloading 0 native plugins for Editor in 0.00 ms.
Unloading 4409 Unused Serialized files (Serialized files now loaded: 0)
Unloading 32 unused Assets / (195.8 KB). Loaded Objects now: 4938.
Memory consumption went from 168.8 MB to 168.6 MB.
Total: 14.192230 ms (FindLiveObjects: 0.659700 ms CreateObjectMapping: 0.204799 ms MarkObjects: 12.916583 ms  DeleteObjects: 0.407735 ms)

AssetImportParameters requested are different than current active one (requested -> active):
  custom:video-decoder-ogg-theora: a1e56fd34408186e4bbccfd4996cb3dc -> 
  custom:container-muxer-webm: aa71ff27fc2769a1b78a27578f13a17b -> 
  custom:container-demuxer-webm: 4f35f7cbe854078d1ac9338744f61a02 -> 
  custom:video-encoder-webm-vp8: eb34c28f22e8b96e1ab97ce403110664 -> 
  custom:video-codec-MediaFoundation-h265: 55f8c8538cf0483ab7069ead6b737db2 -> 
  custom:audio-encoder-webm-vorbis: bf7c407c2cedff20999df2af8eb42d56 -> 
  custom:framework-win-MediaFoundation: 216162199b28c13a410421893ffa2e32 -> 
  custom:container-demuxer-ogg: 62fdf1f143b41e24485cea50d1cbac27 -> 
  custom:video-decoder-webm-vp8: 9c59270c3fd7afecdb556c50c9e8de78 -> 
  custom:audio-decoder-ogg-vorbis: bf7c407c2cedff20999df2af8eb42d56 -> 
========================================================================
Received Import Request.
  Time since last request: 15.959229 seconds.
  path: Assets/Scripts/GameManager.cs
  artifactKey: Guid(7cdcfaf655018a5449aa81c77d6623da) Importer(815301076,1909f56bfc062723c751e8b465ee728b)
Start importing Assets/Scripts/GameManager.cs using Guid(7cdcfaf655018a5449aa81c77d6623da) Importer(815301076,1909f56bfc062723c751e8b465ee728b)  -> (artifact id: 'b5925545ed60ce2e59e2cdf6cb0e6560') in 0.012319 seconds 
========================================================================
Received Import Request.
  Time since last request: 925.414097 seconds.
  path: Assets/Scripts/GameManager.cs
  artifactKey: Guid(7cdcfaf655018a5449aa81c77d6623da) Importer(815301076,1909f56bfc062723c751e8b465ee728b)
Start importing Assets/Scripts/GameManager.cs using Guid(7cdcfaf655018a5449aa81c77d6623da) Importer(815301076,1909f56bfc062723c751e8b465ee728b)  -> (artifact id: '43e0fa8f6b6f3e632cbe6c91f35d9e7c') in 0.005641 seconds 
========================================================================
Received Prepare
Registering precompiled user dll's ...
Registered in 0.007350 seconds.
Begin MonoManager ReloadAssembly
Native extension for WindowsStandalone target not found
Refreshing native plugins compatible for Editor in 1.50 ms, found 4 plugins.
Preloading 0 native plugins for Editor in 0.00 ms.
Mono: successfully reloaded assembly
- Completed reload, in  5.744 seconds
Domain Reload Profiling:
	ReloadAssembly (5757ms)
		BeginReloadAssembly (2101ms)
			ExecutionOrderSort (0ms)
			DisableScriptedObjects (195ms)
			BackupInstance (0ms)
			ReleaseScriptingObjects (0ms)
			CreateAndSetChildDomain (1087ms)
		EndReloadAssembly (3400ms)
			LoadAssemblies (915ms)
			RebuildTransferFunctionScriptingTraits (0ms)
			SetupTypeCache (854ms)
			ReleaseScriptCaches (3ms)
			RebuildScriptCaches (123ms)
			SetupLoadedEditorAssemblies (1731ms)
				LogAssemblyErrors (0ms)
				InitializePlatformSupportModulesInManaged (46ms)
				SetLoadedEditorAssemblies (6ms)
				RefreshPlugins (2ms)
				BeforeProcessingInitializeOnLoad (202ms)
				ProcessInitializeOnLoadAttributes (1373ms)
				ProcessInitializeOnLoadMethodAttributes (93ms)
				AfterProcessingInitializeOnLoad (8ms)
				EditorAssembliesLoaded (0ms)
			ExecutionOrderSort2 (0ms)
			AwakeInstancesAfterBackupRestoration (19ms)
Platform modules already initialized, skipping
Refreshing native plugins compatible for Editor in 16.86 ms, found 4 plugins.
Preloading 0 native plugins for Editor in 0.00 ms.
Unloading 4409 Unused Serialized files (Serialized files now loaded: 0)
Unloading 32 unused Assets / (195.8 KB). Loaded Objects now: 4941.
Memory consumption went from 168.9 MB to 168.7 MB.
Total: 14.787387 ms (FindLiveObjects: 0.508583 ms CreateObjectMapping: 0.265928 ms MarkObjects: 13.764945 ms  DeleteObjects: 0.245448 ms)

AssetImportParameters requested are different than current active one (requested -> active):
  custom:video-decoder-ogg-theora: a1e56fd34408186e4bbccfd4996cb3dc -> 
  custom:container-muxer-webm: aa71ff27fc2769a1b78a27578f13a17b -> 
  custom:container-demuxer-webm: 4f35f7cbe854078d1ac9338744f61a02 -> 
  custom:video-encoder-webm-vp8: eb34c28f22e8b96e1ab97ce403110664 -> 
  custom:video-codec-MediaFoundation-h265: 55f8c8538cf0483ab7069ead6b737db2 -> 
  custom:audio-encoder-webm-vorbis: bf7c407c2cedff20999df2af8eb42d56 -> 
  custom:framework-win-MediaFoundation: 216162199b28c13a410421893ffa2e32 -> 
  custom:container-demuxer-ogg: 62fdf1f143b41e24485cea50d1cbac27 -> 
  custom:video-decoder-webm-vp8: 9c59270c3fd7afecdb556c50c9e8de78 -> 
  custom:audio-decoder-ogg-vorbis: bf7c407c2cedff20999df2af8eb42d56 -> 
========================================================================
Received Prepare
Registering precompiled user dll's ...
Registered in 0.007138 seconds.
Begin MonoManager ReloadAssembly
Native extension for WindowsStandalone target not found
Refreshing native plugins compatible for Editor in 1.45 ms, found 4 plugins.
Preloading 0 native plugins for Editor in 0.00 ms.
Mono: successfully reloaded assembly
- Completed reload, in  8.681 seconds
Domain Reload Profiling:
	ReloadAssembly (8690ms)
		BeginReloadAssembly (3558ms)
			ExecutionOrderSort (0ms)
			DisableScriptedObjects (103ms)
			BackupInstance (0ms)
			ReleaseScriptingObjects (0ms)
			CreateAndSetChildDomain (530ms)
		EndReloadAssembly (4825ms)
			LoadAssemblies (3711ms)
			RebuildTransferFunctionScriptingTraits (1ms)
			SetupTypeCache (2496ms)
			ReleaseScriptCaches (4ms)
			RebuildScriptCaches (82ms)
			SetupLoadedEditorAssemblies (1089ms)
				LogAssemblyErrors (0ms)
				InitializePlatformSupportModulesInManaged (25ms)
				SetLoadedEditorAssemblies (2ms)
				RefreshPlugins (2ms)
				BeforeProcessingInitializeOnLoad (133ms)
				ProcessInitializeOnLoadAttributes (837ms)
				ProcessInitializeOnLoadMethodAttributes (82ms)
				AfterProcessingInitializeOnLoad (8ms)
				EditorAssembliesLoaded (0ms)
			ExecutionOrderSort2 (0ms)
			AwakeInstancesAfterBackupRestoration (14ms)
Platform modules already initialized, skipping
Refreshing native plugins compatible for Editor in 22.58 ms, found 4 plugins.
Preloading 0 native plugins for Editor in 0.00 ms.
Unloading 4409 Unused Serialized files (Serialized files now loaded: 0)
Unloading 32 unused Assets / (196.8 KB). Loaded Objects now: 4944.
Memory consumption went from 168.9 MB to 168.7 MB.
Total: 60.567000 ms (FindLiveObjects: 1.114911 ms CreateObjectMapping: 0.830055 ms MarkObjects: 57.181618 ms  DeleteObjects: 1.435452 ms)

AssetImportParameters requested are different than current active one (requested -> active):
  custom:video-decoder-ogg-theora: a1e56fd34408186e4bbccfd4996cb3dc -> 
  custom:container-muxer-webm: aa71ff27fc2769a1b78a27578f13a17b -> 
  custom:container-demuxer-webm: 4f35f7cbe854078d1ac9338744f61a02 -> 
  custom:video-encoder-webm-vp8: eb34c28f22e8b96e1ab97ce403110664 -> 
  custom:video-codec-MediaFoundation-h265: 55f8c8538cf0483ab7069ead6b737db2 -> 
  custom:audio-encoder-webm-vorbis: bf7c407c2cedff20999df2af8eb42d56 -> 
  custom:framework-win-MediaFoundation: 216162199b28c13a410421893ffa2e32 -> 
  custom:container-demuxer-ogg: 62fdf1f143b41e24485cea50d1cbac27 -> 
  custom:video-decoder-webm-vp8: 9c59270c3fd7afecdb556c50c9e8de78 -> 
  custom:audio-decoder-ogg-vorbis: bf7c407c2cedff20999df2af8eb42d56 -> 
========================================================================
Received Prepare
Registering precompiled user dll's ...
Registered in 0.023118 seconds.
Begin MonoManager ReloadAssembly
Native extension for WindowsStandalone target not found
Refreshing native plugins compatible for Editor in 1.61 ms, found 4 plugins.
Preloading 0 native plugins for Editor in 0.00 ms.
Mono: successfully reloaded assembly
- Completed reload, in  3.493 seconds
Domain Reload Profiling:
	ReloadAssembly (3494ms)
		BeginReloadAssembly (870ms)
			ExecutionOrderSort (0ms)
			DisableScriptedObjects (33ms)
			BackupInstance (0ms)
			ReleaseScriptingObjects (0ms)
			CreateAndSetChildDomain (106ms)
		EndReloadAssembly (2428ms)
			LoadAssemblies (860ms)
			RebuildTransferFunctionScriptingTraits (0ms)
			SetupTypeCache (581ms)
			ReleaseScriptCaches (2ms)
			RebuildScriptCaches (88ms)
			SetupLoadedEditorAssemblies (1138ms)
				LogAssemblyErrors (0ms)
				InitializePlatformSupportModulesInManaged (20ms)
				SetLoadedEditorAssemblies (1ms)
				RefreshPlugins (2ms)
				BeforeProcessingInitializeOnLoad (177ms)
				ProcessInitializeOnLoadAttributes (850ms)
				ProcessInitializeOnLoadMethodAttributes (77ms)
				AfterProcessingInitializeOnLoad (11ms)
				EditorAssembliesLoaded (1ms)
			ExecutionOrderSort2 (0ms)
			AwakeInstancesAfterBackupRestoration (14ms)
Platform modules already initialized, skipping
Refreshing native plugins compatible for Editor in 9.45 ms, found 4 plugins.
Preloading 0 native plugins for Editor in 0.00 ms.
Unloading 4409 Unused Serialized files (Serialized files now loaded: 0)
Unloading 32 unused Assets / (195.8 KB). Loaded Objects now: 4947.
Memory consumption went from 168.9 MB to 168.7 MB.
Total: 8.068442 ms (FindLiveObjects: 0.393461 ms CreateObjectMapping: 0.233967 ms MarkObjects: 6.416401 ms  DeleteObjects: 1.022131 ms)

AssetImportParameters requested are different than current active one (requested -> active):
  custom:video-decoder-ogg-theora: a1e56fd34408186e4bbccfd4996cb3dc -> 
  custom:container-muxer-webm: aa71ff27fc2769a1b78a27578f13a17b -> 
  custom:container-demuxer-webm: 4f35f7cbe854078d1ac9338744f61a02 -> 
  custom:video-encoder-webm-vp8: eb34c28f22e8b96e1ab97ce403110664 -> 
  custom:video-codec-MediaFoundation-h265: 55f8c8538cf0483ab7069ead6b737db2 -> 
  custom:audio-encoder-webm-vorbis: bf7c407c2cedff20999df2af8eb42d56 -> 
  custom:framework-win-MediaFoundation: 216162199b28c13a410421893ffa2e32 -> 
  custom:container-demuxer-ogg: 62fdf1f143b41e24485cea50d1cbac27 -> 
  custom:video-decoder-webm-vp8: 9c59270c3fd7afecdb556c50c9e8de78 -> 
  custom:audio-decoder-ogg-vorbis: bf7c407c2cedff20999df2af8eb42d56 -> 
========================================================================
Received Prepare
Registering precompiled user dll's ...
Registered in 0.010551 seconds.
Begin MonoManager ReloadAssembly
Native extension for WindowsStandalone target not found
Refreshing native plugins compatible for Editor in 1.33 ms, found 4 plugins.
Preloading 0 native plugins for Editor in 0.00 ms.
Mono: successfully reloaded assembly
- Completed reload, in  1.828 seconds
Domain Reload Profiling:
	ReloadAssembly (1829ms)
		BeginReloadAssembly (232ms)
			ExecutionOrderSort (0ms)
			DisableScriptedObjects (10ms)
			BackupInstance (0ms)
			ReleaseScriptingObjects (0ms)
			CreateAndSetChildDomain (55ms)
		EndReloadAssembly (1445ms)
			LoadAssemblies (158ms)
			RebuildTransferFunctionScriptingTraits (0ms)
			SetupTypeCache (352ms)
			ReleaseScriptCaches (2ms)
			RebuildScriptCaches (69ms)
			SetupLoadedEditorAssemblies (824ms)
				LogAssemblyErrors (0ms)
				InitializePlatformSupportModulesInManaged (16ms)
				SetLoadedEditorAssemblies (1ms)
				RefreshPlugins (1ms)
				BeforeProcessingInitializeOnLoad (115ms)
				ProcessInitializeOnLoadAttributes (631ms)
				ProcessInitializeOnLoadMethodAttributes (51ms)
				AfterProcessingInitializeOnLoad (8ms)
				EditorAssembliesLoaded (0ms)
			ExecutionOrderSort2 (0ms)
			AwakeInstancesAfterBackupRestoration (11ms)
Platform modules already initialized, skipping
Refreshing native plugins compatible for Editor in 3.62 ms, found 4 plugins.
Preloading 0 native plugins for Editor in 0.00 ms.
Unloading 4409 Unused Serialized files (Serialized files now loaded: 0)
Unloading 32 unused Assets / (195.8 KB). Loaded Objects now: 4950.
Memory consumption went from 168.9 MB to 168.7 MB.
Total: 5.271701 ms (FindLiveObjects: 0.377946 ms CreateObjectMapping: 0.175320 ms MarkObjects: 4.496569 ms  DeleteObjects: 0.219693 ms)

AssetImportParameters requested are different than current active one (requested -> active):
  custom:video-decoder-ogg-theora: a1e56fd34408186e4bbccfd4996cb3dc -> 
  custom:container-muxer-webm: aa71ff27fc2769a1b78a27578f13a17b -> 
  custom:container-demuxer-webm: 4f35f7cbe854078d1ac9338744f61a02 -> 
  custom:video-encoder-webm-vp8: eb34c28f22e8b96e1ab97ce403110664 -> 
  custom:video-codec-MediaFoundation-h265: 55f8c8538cf0483ab7069ead6b737db2 -> 
  custom:audio-encoder-webm-vorbis: bf7c407c2cedff20999df2af8eb42d56 -> 
  custom:framework-win-MediaFoundation: 216162199b28c13a410421893ffa2e32 -> 
  custom:container-demuxer-ogg: 62fdf1f143b41e24485cea50d1cbac27 -> 
  custom:video-decoder-webm-vp8: 9c59270c3fd7afecdb556c50c9e8de78 -> 
  custom:audio-decoder-ogg-vorbis: bf7c407c2cedff20999df2af8eb42d56 -> 
========================================================================
Received Prepare
Registering precompiled user dll's ...
Registered in 0.018487 seconds.
Begin MonoManager ReloadAssembly
Native extension for WindowsStandalone target not found
Refreshing native plugins compatible for Editor in 1.35 ms, found 4 plugins.
Preloading 0 native plugins for Editor in 0.00 ms.
Mono: successfully reloaded assembly
- Completed reload, in  2.488 seconds
Domain Reload Profiling:
	ReloadAssembly (2490ms)
		BeginReloadAssembly (633ms)
			ExecutionOrderSort (0ms)
			DisableScriptedObjects (36ms)
			BackupInstance (0ms)
			ReleaseScriptingObjects (0ms)
			CreateAndSetChildDomain (119ms)
		EndReloadAssembly (1699ms)
			LoadAssemblies (492ms)
			RebuildTransferFunctionScriptingTraits (0ms)
			SetupTypeCache (446ms)
			ReleaseScriptCaches (2ms)
			RebuildScriptCaches (74ms)
			SetupLoadedEditorAssemblies (889ms)
				LogAssemblyErrors (0ms)
				InitializePlatformSupportModulesInManaged (18ms)
				SetLoadedEditorAssemblies (1ms)
				RefreshPlugins (1ms)
				BeforeProcessingInitializeOnLoad (117ms)
				ProcessInitializeOnLoadAttributes (690ms)
				ProcessInitializeOnLoadMethodAttributes (51ms)
				AfterProcessingInitializeOnLoad (10ms)
				EditorAssembliesLoaded (0ms)
			ExecutionOrderSort2 (0ms)
			AwakeInstancesAfterBackupRestoration (20ms)
Platform modules already initialized, skipping
Refreshing native plugins compatible for Editor in 5.72 ms, found 4 plugins.
Preloading 0 native plugins for Editor in 0.00 ms.
Unloading 4409 Unused Serialized files (Serialized files now loaded: 0)
Unloading 32 unused Assets / (195.6 KB). Loaded Objects now: 4953.
Memory consumption went from 168.9 MB to 168.7 MB.
Total: 9.284201 ms (FindLiveObjects: 0.677076 ms CreateObjectMapping: 0.327367 ms MarkObjects: 7.805307 ms  DeleteObjects: 0.471968 ms)

AssetImportParameters requested are different than current active one (requested -> active):
  custom:video-decoder-ogg-theora: a1e56fd34408186e4bbccfd4996cb3dc -> 
  custom:container-muxer-webm: aa71ff27fc2769a1b78a27578f13a17b -> 
  custom:container-demuxer-webm: 4f35f7cbe854078d1ac9338744f61a02 -> 
  custom:video-encoder-webm-vp8: eb34c28f22e8b96e1ab97ce403110664 -> 
  custom:video-codec-MediaFoundation-h265: 55f8c8538cf0483ab7069ead6b737db2 -> 
  custom:audio-encoder-webm-vorbis: bf7c407c2cedff20999df2af8eb42d56 -> 
  custom:framework-win-MediaFoundation: 216162199b28c13a410421893ffa2e32 -> 
  custom:container-demuxer-ogg: 62fdf1f143b41e24485cea50d1cbac27 -> 
  custom:video-decoder-webm-vp8: 9c59270c3fd7afecdb556c50c9e8de78 -> 
  custom:audio-decoder-ogg-vorbis: bf7c407c2cedff20999df2af8eb42d56 -> 
========================================================================
Received Import Request.
  Time since last request: 362.219156 seconds.
  path: Assets/Scripts/GameManager.cs
  artifactKey: Guid(7cdcfaf655018a5449aa81c77d6623da) Importer(815301076,1909f56bfc062723c751e8b465ee728b)
Start importing Assets/Scripts/GameManager.cs using Guid(7cdcfaf655018a5449aa81c77d6623da) Importer(815301076,1909f56bfc062723c751e8b465ee728b)  -> (artifact id: '7f8249f2b0d2fd9af35bec305a467fc0') in 0.025463 seconds 
========================================================================
Received Prepare
Registering precompiled user dll's ...
Registered in 0.007451 seconds.
Begin MonoManager ReloadAssembly
Native extension for WindowsStandalone target not found
Refreshing native plugins compatible for Editor in 1.34 ms, found 4 plugins.
Preloading 0 native plugins for Editor in 0.00 ms.
Mono: successfully reloaded assembly
- Completed reload, in  4.821 seconds
Domain Reload Profiling:
	ReloadAssembly (4822ms)
		BeginReloadAssembly (1407ms)
			ExecutionOrderSort (0ms)
			DisableScriptedObjects (17ms)
			BackupInstance (0ms)
			ReleaseScriptingObjects (0ms)
			CreateAndSetChildDomain (157ms)
		EndReloadAssembly (3034ms)
			LoadAssemblies (2343ms)
			RebuildTransferFunctionScriptingTraits (0ms)
			SetupTypeCache (472ms)
			ReleaseScriptCaches (2ms)
			RebuildScriptCaches (74ms)
			SetupLoadedEditorAssemblies (1012ms)
				LogAssemblyErrors (0ms)
				InitializePlatformSupportModulesInManaged (55ms)
				SetLoadedEditorAssemblies (1ms)
				RefreshPlugins (1ms)
				BeforeProcessingInitializeOnLoad (137ms)
				ProcessInitializeOnLoadAttributes (727ms)
				ProcessInitializeOnLoadMethodAttributes (83ms)
				AfterProcessingInitializeOnLoad (8ms)
				EditorAssembliesLoaded (0ms)
			ExecutionOrderSort2 (0ms)
			AwakeInstancesAfterBackupRestoration (11ms)
Platform modules already initialized, skipping
Refreshing native plugins compatible for Editor in 4.08 ms, found 4 plugins.
Preloading 0 native plugins for Editor in 0.00 ms.
Unloading 4409 Unused Serialized files (Serialized files now loaded: 0)
Unloading 32 unused Assets / (195.5 KB). Loaded Objects now: 4956.
Memory consumption went from 168.9 MB to 168.7 MB.
Total: 25.207909 ms (FindLiveObjects: 0.446213 ms CreateObjectMapping: 0.177802 ms MarkObjects: 24.281351 ms  DeleteObjects: 0.300061 ms)

AssetImportParameters requested are different than current active one (requested -> active):
  custom:video-decoder-ogg-theora: a1e56fd34408186e4bbccfd4996cb3dc -> 
  custom:container-muxer-webm: aa71ff27fc2769a1b78a27578f13a17b -> 
  custom:container-demuxer-webm: 4f35f7cbe854078d1ac9338744f61a02 -> 
  custom:video-encoder-webm-vp8: eb34c28f22e8b96e1ab97ce403110664 -> 
  custom:video-codec-MediaFoundation-h265: 55f8c8538cf0483ab7069ead6b737db2 -> 
  custom:audio-encoder-webm-vorbis: bf7c407c2cedff20999df2af8eb42d56 -> 
  custom:framework-win-MediaFoundation: 216162199b28c13a410421893ffa2e32 -> 
  custom:container-demuxer-ogg: 62fdf1f143b41e24485cea50d1cbac27 -> 
  custom:video-decoder-webm-vp8: 9c59270c3fd7afecdb556c50c9e8de78 -> 
  custom:audio-decoder-ogg-vorbis: bf7c407c2cedff20999df2af8eb42d56 -> 
========================================================================
Received Import Request.
  Time since last request: 30.627109 seconds.
  path: Assets/Scripts/GameManager.cs
  artifactKey: Guid(7cdcfaf655018a5449aa81c77d6623da) Importer(815301076,1909f56bfc062723c751e8b465ee728b)
Start importing Assets/Scripts/GameManager.cs using Guid(7cdcfaf655018a5449aa81c77d6623da) Importer(815301076,1909f56bfc062723c751e8b465ee728b)  -> (artifact id: '5c2982215af752e728532a793c48d498') in 0.008873 seconds 
========================================================================
Received Import Request.
  Time since last request: 143.734655 seconds.
  path: Assets/Scripts/GameManager.cs
  artifactKey: Guid(7cdcfaf655018a5449aa81c77d6623da) Importer(815301076,1909f56bfc062723c751e8b465ee728b)
Start importing Assets/Scripts/GameManager.cs using Guid(7cdcfaf655018a5449aa81c77d6623da) Importer(815301076,1909f56bfc062723c751e8b465ee728b)  -> (artifact id: '0dc0b510ad86d4d56e928c79c3f10848') in 0.003659 seconds 
========================================================================
Received Prepare
Registering precompiled user dll's ...
Registered in 0.019950 seconds.
Begin MonoManager ReloadAssembly
Native extension for WindowsStandalone target not found
Refreshing native plugins compatible for Editor in 2.90 ms, found 4 plugins.
Preloading 0 native plugins for Editor in 0.00 ms.
Mono: successfully reloaded assembly
- Completed reload, in  5.798 seconds
Domain Reload Profiling:
	ReloadAssembly (5800ms)
		BeginReloadAssembly (777ms)
			ExecutionOrderSort (0ms)
			DisableScriptedObjects (40ms)
			BackupInstance (0ms)
			ReleaseScriptingObjects (0ms)
			CreateAndSetChildDomain (261ms)
		EndReloadAssembly (4757ms)
			LoadAssemblies (2018ms)
			RebuildTransferFunctionScriptingTraits (0ms)
			SetupTypeCache (1356ms)
			ReleaseScriptCaches (4ms)
			RebuildScriptCaches (118ms)
			SetupLoadedEditorAssemblies (1370ms)
				LogAssemblyErrors (0ms)
				InitializePlatformSupportModulesInManaged (26ms)
				SetLoadedEditorAssemblies (5ms)
				RefreshPlugins (3ms)
				BeforeProcessingInitializeOnLoad (160ms)
				ProcessInitializeOnLoadAttributes (1105ms)
				ProcessInitializeOnLoadMethodAttributes (64ms)
				AfterProcessingInitializeOnLoad (8ms)
				EditorAssembliesLoaded (0ms)
			ExecutionOrderSort2 (0ms)
			AwakeInstancesAfterBackupRestoration (11ms)
Platform modules already initialized, skipping
Refreshing native plugins compatible for Editor in 14.38 ms, found 4 plugins.
Preloading 0 native plugins for Editor in 0.00 ms.
Unloading 4409 Unused Serialized files (Serialized files now loaded: 0)
Unloading 32 unused Assets / (195.9 KB). Loaded Objects now: 4959.
Memory consumption went from 168.9 MB to 168.7 MB.
Total: 13.395377 ms (FindLiveObjects: 0.382911 ms CreateObjectMapping: 0.179354 ms MarkObjects: 12.554151 ms  DeleteObjects: 0.277099 ms)

AssetImportParameters requested are different than current active one (requested -> active):
  custom:video-decoder-ogg-theora: a1e56fd34408186e4bbccfd4996cb3dc -> 
  custom:container-muxer-webm: aa71ff27fc2769a1b78a27578f13a17b -> 
  custom:container-demuxer-webm: 4f35f7cbe854078d1ac9338744f61a02 -> 
  custom:video-encoder-webm-vp8: eb34c28f22e8b96e1ab97ce403110664 -> 
  custom:video-codec-MediaFoundation-h265: 55f8c8538cf0483ab7069ead6b737db2 -> 
  custom:audio-encoder-webm-vorbis: bf7c407c2cedff20999df2af8eb42d56 -> 
  custom:framework-win-MediaFoundation: 216162199b28c13a410421893ffa2e32 -> 
  custom:container-demuxer-ogg: 62fdf1f143b41e24485cea50d1cbac27 -> 
  custom:video-decoder-webm-vp8: 9c59270c3fd7afecdb556c50c9e8de78 -> 
  custom:audio-decoder-ogg-vorbis: bf7c407c2cedff20999df2af8eb42d56 -> 
========================================================================
Received Import Request.
  Time since last request: 23.881949 seconds.
  path: Assets/Scripts/GameManager.cs
  artifactKey: Guid(7cdcfaf655018a5449aa81c77d6623da) Importer(815301076,1909f56bfc062723c751e8b465ee728b)
Start importing Assets/Scripts/GameManager.cs using Guid(7cdcfaf655018a5449aa81c77d6623da) Importer(815301076,1909f56bfc062723c751e8b465ee728b)  -> (artifact id: '358cee95b9713ee28e6a5a3f13b1c0ee') in 0.017263 seconds 
========================================================================
Received Prepare
Registering precompiled user dll's ...
Registered in 0.006958 seconds.
Begin MonoManager ReloadAssembly
Native extension for WindowsStandalone target not found
Refreshing native plugins compatible for Editor in 1.40 ms, found 4 plugins.
Preloading 0 native plugins for Editor in 0.00 ms.
Mono: successfully reloaded assembly
- Completed reload, in  3.648 seconds
Domain Reload Profiling:
	ReloadAssembly (3649ms)
		BeginReloadAssembly (303ms)
			ExecutionOrderSort (0ms)
			DisableScriptedObjects (10ms)
			BackupInstance (0ms)
			ReleaseScriptingObjects (0ms)
			CreateAndSetChildDomain (48ms)
		EndReloadAssembly (3054ms)
			LoadAssemblies (566ms)
			RebuildTransferFunctionScriptingTraits (0ms)
			SetupTypeCache (401ms)
			ReleaseScriptCaches (2ms)
			RebuildScriptCaches (71ms)
			SetupLoadedEditorAssemblies (2023ms)
				LogAssemblyErrors (0ms)
				InitializePlatformSupportModulesInManaged (21ms)
				SetLoadedEditorAssemblies (1ms)
				RefreshPlugins (1ms)
				BeforeProcessingInitializeOnLoad (114ms)
				ProcessInitializeOnLoadAttributes (1818ms)
				ProcessInitializeOnLoadMethodAttributes (59ms)
				AfterProcessingInitializeOnLoad (7ms)
				EditorAssembliesLoaded (0ms)
			ExecutionOrderSort2 (0ms)
			AwakeInstancesAfterBackupRestoration (12ms)
Platform modules already initialized, skipping
Refreshing native plugins compatible for Editor in 14.70 ms, found 4 plugins.
Preloading 0 native plugins for Editor in 0.00 ms.
Unloading 4409 Unused Serialized files (Serialized files now loaded: 0)
Unloading 32 unused Assets / (195.6 KB). Loaded Objects now: 4962.
Memory consumption went from 168.9 MB to 168.7 MB.
Total: 5.755770 ms (FindLiveObjects: 0.386945 ms CreateObjectMapping: 0.199523 ms MarkObjects: 4.931922 ms  DeleteObjects: 0.235518 ms)

AssetImportParameters requested are different than current active one (requested -> active):
  custom:video-decoder-ogg-theora: a1e56fd34408186e4bbccfd4996cb3dc -> 
  custom:container-muxer-webm: aa71ff27fc2769a1b78a27578f13a17b -> 
  custom:container-demuxer-webm: 4f35f7cbe854078d1ac9338744f61a02 -> 
  custom:video-encoder-webm-vp8: eb34c28f22e8b96e1ab97ce403110664 -> 
  custom:video-codec-MediaFoundation-h265: 55f8c8538cf0483ab7069ead6b737db2 -> 
  custom:audio-encoder-webm-vorbis: bf7c407c2cedff20999df2af8eb42d56 -> 
  custom:framework-win-MediaFoundation: 216162199b28c13a410421893ffa2e32 -> 
  custom:container-demuxer-ogg: 62fdf1f143b41e24485cea50d1cbac27 -> 
  custom:video-decoder-webm-vp8: 9c59270c3fd7afecdb556c50c9e8de78 -> 
  custom:audio-decoder-ogg-vorbis: bf7c407c2cedff20999df2af8eb42d56 -> 
========================================================================
Received Import Request.
  Time since last request: 16.989012 seconds.
  path: Assets/Scripts/GameManager.cs
  artifactKey: Guid(7cdcfaf655018a5449aa81c77d6623da) Importer(815301076,1909f56bfc062723c751e8b465ee728b)
Start importing Assets/Scripts/GameManager.cs using Guid(7cdcfaf655018a5449aa81c77d6623da) Importer(815301076,1909f56bfc062723c751e8b465ee728b)  -> (artifact id: '00000000000000000000000000000000') in 0.002864 seconds  code(4) message(Build asset version error: assets/scripts/gamemanager.cs in SourceAssetDB has modification time of '2023-09-07T21:47:05.1854328Z' while content on disk has modification time of '2023-09-07T21:47:11.1557184Z')
  ERROR: Build asset version error: assets/scripts/gamemanager.cs in SourceAssetDB has modification time of '2023-09-07T21:47:05.1854328Z' while content on disk has modification time of '2023-09-07T21:47:11.1557184Z'
========================================================================
Received Import Request.
  Time since last request: 18.876261 seconds.
  path: Assets/Scripts/GameManager.cs
  artifactKey: Guid(7cdcfaf655018a5449aa81c77d6623da) Importer(815301076,1909f56bfc062723c751e8b465ee728b)
Start importing Assets/Scripts/GameManager.cs using Guid(7cdcfaf655018a5449aa81c77d6623da) Importer(815301076,1909f56bfc062723c751e8b465ee728b)  -> (artifact id: 'e00aeaa6ecc21647b45edb4959ad8a54') in 0.009294 seconds 
========================================================================
Received Prepare
Registering precompiled user dll's ...
Registered in 0.006951 seconds.
Begin MonoManager ReloadAssembly
Native extension for WindowsStandalone target not found
Refreshing native plugins compatible for Editor in 1.22 ms, found 4 plugins.
Preloading 0 native plugins for Editor in 0.00 ms.
Mono: successfully reloaded assembly
- Completed reload, in  2.424 seconds
Domain Reload Profiling:
	ReloadAssembly (2425ms)
		BeginReloadAssembly (169ms)
			ExecutionOrderSort (0ms)
			DisableScriptedObjects (10ms)
			BackupInstance (0ms)
			ReleaseScriptingObjects (0ms)
			CreateAndSetChildDomain (45ms)
		EndReloadAssembly (2116ms)
			LoadAssemblies (411ms)
			RebuildTransferFunctionScriptingTraits (0ms)
			SetupTypeCache (372ms)
			ReleaseScriptCaches (2ms)
			RebuildScriptCaches (67ms)
			SetupLoadedEditorAssemblies (1171ms)
				LogAssemblyErrors (0ms)
				InitializePlatformSupportModulesInManaged (17ms)
				SetLoadedEditorAssemblies (1ms)
				RefreshPlugins (1ms)
				BeforeProcessingInitializeOnLoad (105ms)
				ProcessInitializeOnLoadAttributes (981ms)
				ProcessInitializeOnLoadMethodAttributes (58ms)
				AfterProcessingInitializeOnLoad (7ms)
				EditorAssembliesLoaded (0ms)
			ExecutionOrderSort2 (0ms)
			AwakeInstancesAfterBackupRestoration (11ms)
Platform modules already initialized, skipping
Refreshing native plugins compatible for Editor in 3.92 ms, found 4 plugins.
Preloading 0 native plugins for Editor in 0.00 ms.
Unloading 4409 Unused Serialized files (Serialized files now loaded: 0)
Unloading 32 unused Assets / (195.7 KB). Loaded Objects now: 4965.
Memory consumption went from 168.9 MB to 168.7 MB.
Total: 5.459743 ms (FindLiveObjects: 0.391289 ms CreateObjectMapping: 0.176561 ms MarkObjects: 4.668166 ms  DeleteObjects: 0.221555 ms)

AssetImportParameters requested are different than current active one (requested -> active):
  custom:video-decoder-ogg-theora: a1e56fd34408186e4bbccfd4996cb3dc -> 
  custom:container-muxer-webm: aa71ff27fc2769a1b78a27578f13a17b -> 
  custom:container-demuxer-webm: 4f35f7cbe854078d1ac9338744f61a02 -> 
  custom:video-encoder-webm-vp8: eb34c28f22e8b96e1ab97ce403110664 -> 
  custom:video-codec-MediaFoundation-h265: 55f8c8538cf0483ab7069ead6b737db2 -> 
  custom:audio-encoder-webm-vorbis: bf7c407c2cedff20999df2af8eb42d56 -> 
  custom:framework-win-MediaFoundation: 216162199b28c13a410421893ffa2e32 -> 
  custom:container-demuxer-ogg: 62fdf1f143b41e24485cea50d1cbac27 -> 
  custom:video-decoder-webm-vp8: 9c59270c3fd7afecdb556c50c9e8de78 -> 
  custom:audio-decoder-ogg-vorbis: bf7c407c2cedff20999df2af8eb42d56 -> 
========================================================================
Received Import Request.
  Time since last request: 63.026725 seconds.
  path: Assets/Scripts/GameManager.cs
  artifactKey: Guid(7cdcfaf655018a5449aa81c77d6623da) Importer(815301076,1909f56bfc062723c751e8b465ee728b)
Start importing Assets/Scripts/GameManager.cs using Guid(7cdcfaf655018a5449aa81c77d6623da) Importer(815301076,1909f56bfc062723c751e8b465ee728b)  -> (artifact id: 'd2456d7815a3d6dce8fe73126c2ad068') in 0.112000 seconds 
========================================================================
Received Prepare
Registering precompiled user dll's ...
Registered in 0.014889 seconds.
Begin MonoManager ReloadAssembly
Native extension for WindowsStandalone target not found
Refreshing native plugins compatible for Editor in 1.38 ms, found 4 plugins.
Preloading 0 native plugins for Editor in 0.00 ms.
Mono: successfully reloaded assembly
- Completed reload, in  4.661 seconds
Domain Reload Profiling:
	ReloadAssembly (4663ms)
		BeginReloadAssembly (883ms)
			ExecutionOrderSort (0ms)
			DisableScriptedObjects (61ms)
			BackupInstance (0ms)
			ReleaseScriptingObjects (0ms)
			CreateAndSetChildDomain (333ms)
		EndReloadAssembly (3297ms)
			LoadAssemblies (1581ms)
			RebuildTransferFunctionScriptingTraits (0ms)
			SetupTypeCache (662ms)
			ReleaseScriptCaches (3ms)
			RebuildScriptCaches (71ms)
			SetupLoadedEditorAssemblies (1192ms)
				LogAssemblyErrors (0ms)
				InitializePlatformSupportModulesInManaged (19ms)
				SetLoadedEditorAssemblies (1ms)
				RefreshPlugins (1ms)
				BeforeProcessingInitializeOnLoad (119ms)
				ProcessInitializeOnLoadAttributes (985ms)
				ProcessInitializeOnLoadMethodAttributes (60ms)
				AfterProcessingInitializeOnLoad (8ms)
				EditorAssembliesLoaded (0ms)
			ExecutionOrderSort2 (0ms)
			AwakeInstancesAfterBackupRestoration (11ms)
Platform modules already initialized, skipping
Refreshing native plugins compatible for Editor in 15.07 ms, found 4 plugins.
Preloading 0 native plugins for Editor in 0.00 ms.
Unloading 4409 Unused Serialized files (Serialized files now loaded: 0)
Unloading 32 unused Assets / (195.6 KB). Loaded Objects now: 4968.
Memory consumption went from 168.9 MB to 168.7 MB.
Total: 15.021043 ms (FindLiveObjects: 0.396564 ms CreateObjectMapping: 0.207591 ms MarkObjects: 12.969024 ms  DeleteObjects: 1.445692 ms)

AssetImportParameters requested are different than current active one (requested -> active):
  custom:video-decoder-ogg-theora: a1e56fd34408186e4bbccfd4996cb3dc -> 
  custom:container-muxer-webm: aa71ff27fc2769a1b78a27578f13a17b -> 
  custom:container-demuxer-webm: 4f35f7cbe854078d1ac9338744f61a02 -> 
  custom:video-encoder-webm-vp8: eb34c28f22e8b96e1ab97ce403110664 -> 
  custom:video-codec-MediaFoundation-h265: 55f8c8538cf0483ab7069ead6b737db2 -> 
  custom:audio-encoder-webm-vorbis: bf7c407c2cedff20999df2af8eb42d56 -> 
  custom:framework-win-MediaFoundation: 216162199b28c13a410421893ffa2e32 -> 
  custom:container-demuxer-ogg: 62fdf1f143b41e24485cea50d1cbac27 -> 
  custom:video-decoder-webm-vp8: 9c59270c3fd7afecdb556c50c9e8de78 -> 
  custom:audio-decoder-ogg-vorbis: bf7c407c2cedff20999df2af8eb42d56 -> 
========================================================================
Received Import Request.
  Time since last request: 29.294313 seconds.
  path: Assets/Scripts/GameManager.cs
  artifactKey: Guid(7cdcfaf655018a5449aa81c77d6623da) Importer(815301076,1909f56bfc062723c751e8b465ee728b)
Start importing Assets/Scripts/GameManager.cs using Guid(7cdcfaf655018a5449aa81c77d6623da) Importer(815301076,1909f56bfc062723c751e8b465ee728b)  -> (artifact id: '6261e2352031900577287feb3355f910') in 0.010299 seconds 
========================================================================
Received Prepare
Registering precompiled user dll's ...
Registered in 0.007861 seconds.
Begin MonoManager ReloadAssembly
Native extension for WindowsStandalone target not found
Refreshing native plugins compatible for Editor in 1.26 ms, found 4 plugins.
Preloading 0 native plugins for Editor in 0.00 ms.
Mono: successfully reloaded assembly
- Completed reload, in  2.991 seconds
Domain Reload Profiling:
	ReloadAssembly (2993ms)
		BeginReloadAssembly (263ms)
			ExecutionOrderSort (0ms)
			DisableScriptedObjects (22ms)
			BackupInstance (0ms)
			ReleaseScriptingObjects (0ms)
			CreateAndSetChildDomain (68ms)
		EndReloadAssembly (2520ms)
			LoadAssemblies (507ms)
			RebuildTransferFunctionScriptingTraits (0ms)
			SetupTypeCache (828ms)
			ReleaseScriptCaches (3ms)
			RebuildScriptCaches (71ms)
			SetupLoadedEditorAssemblies (949ms)
				LogAssemblyErrors (0ms)
				InitializePlatformSupportModulesInManaged (21ms)
				SetLoadedEditorAssemblies (1ms)
				RefreshPlugins (1ms)
				BeforeProcessingInitializeOnLoad (131ms)
				ProcessInitializeOnLoadAttributes (704ms)
				ProcessInitializeOnLoadMethodAttributes (82ms)
				AfterProcessingInitializeOnLoad (8ms)
				EditorAssembliesLoaded (0ms)
			ExecutionOrderSort2 (0ms)
			AwakeInstancesAfterBackupRestoration (17ms)
Platform modules already initialized, skipping
Refreshing native plugins compatible for Editor in 14.29 ms, found 4 plugins.
Preloading 0 native plugins for Editor in 0.00 ms.
Unloading 4409 Unused Serialized files (Serialized files now loaded: 0)
Unloading 32 unused Assets / (196.6 KB). Loaded Objects now: 4971.
Memory consumption went from 168.9 MB to 168.7 MB.
Total: 20.603665 ms (FindLiveObjects: 0.473519 ms CreateObjectMapping: 0.191766 ms MarkObjects: 19.618150 ms  DeleteObjects: 0.317748 ms)

AssetImportParameters requested are different than current active one (requested -> active):
  custom:video-decoder-ogg-theora: a1e56fd34408186e4bbccfd4996cb3dc -> 
  custom:container-muxer-webm: aa71ff27fc2769a1b78a27578f13a17b -> 
  custom:container-demuxer-webm: 4f35f7cbe854078d1ac9338744f61a02 -> 
  custom:video-encoder-webm-vp8: eb34c28f22e8b96e1ab97ce403110664 -> 
  custom:video-codec-MediaFoundation-h265: 55f8c8538cf0483ab7069ead6b737db2 -> 
  custom:audio-encoder-webm-vorbis: bf7c407c2cedff20999df2af8eb42d56 -> 
  custom:framework-win-MediaFoundation: 216162199b28c13a410421893ffa2e32 -> 
  custom:container-demuxer-ogg: 62fdf1f143b41e24485cea50d1cbac27 -> 
  custom:video-decoder-webm-vp8: 9c59270c3fd7afecdb556c50c9e8de78 -> 
  custom:audio-decoder-ogg-vorbis: bf7c407c2cedff20999df2af8eb42d56 -> 
========================================================================
Received Import Request.
  Time since last request: 98.821455 seconds.
  path: Assets/Scripts/GameManager.cs
  artifactKey: Guid(7cdcfaf655018a5449aa81c77d6623da) Importer(815301076,1909f56bfc062723c751e8b465ee728b)
Start importing Assets/Scripts/GameManager.cs using Guid(7cdcfaf655018a5449aa81c77d6623da) Importer(815301076,1909f56bfc062723c751e8b465ee728b)  -> (artifact id: '00000000000000000000000000000000') in 0.007374 seconds  code(4) message(Build asset version error: assets/scripts/gamemanager.cs in SourceAssetDB has modification time of '2023-09-07T21:50:51.926407Z' while content on disk has modification time of '2023-09-07T21:50:52.7972536Z')
  ERROR: Build asset version error: assets/scripts/gamemanager.cs in SourceAssetDB has modification time of '2023-09-07T21:50:51.926407Z' while content on disk has modification time of '2023-09-07T21:50:52.7972536Z'
========================================================================
Received Prepare
Registering precompiled user dll's ...
Registered in 0.006908 seconds.
Begin MonoManager ReloadAssembly
Native extension for WindowsStandalone target not found
Refreshing native plugins compatible for Editor in 1.46 ms, found 4 plugins.
Preloading 0 native plugins for Editor in 0.00 ms.
Mono: successfully reloaded assembly
- Completed reload, in  2.340 seconds
Domain Reload Profiling:
	ReloadAssembly (2342ms)
		BeginReloadAssembly (449ms)
			ExecutionOrderSort (0ms)
			DisableScriptedObjects (38ms)
			BackupInstance (0ms)
			ReleaseScriptingObjects (0ms)
			CreateAndSetChildDomain (155ms)
		EndReloadAssembly (1749ms)
			LoadAssemblies (231ms)
			RebuildTransferFunctionScriptingTraits (0ms)
			SetupTypeCache (456ms)
			ReleaseScriptCaches (4ms)
			RebuildScriptCaches (96ms)
			SetupLoadedEditorAssemblies (957ms)
				LogAssemblyErrors (0ms)
				InitializePlatformSupportModulesInManaged (18ms)
				SetLoadedEditorAssemblies (1ms)
				RefreshPlugins (2ms)
				BeforeProcessingInitializeOnLoad (124ms)
				ProcessInitializeOnLoadAttributes (747ms)
				ProcessInitializeOnLoadMethodAttributes (52ms)
				AfterProcessingInitializeOnLoad (13ms)
				EditorAssembliesLoaded (1ms)
			ExecutionOrderSort2 (0ms)
			AwakeInstancesAfterBackupRestoration (19ms)
Platform modules already initialized, skipping
Refreshing native plugins compatible for Editor in 5.41 ms, found 4 plugins.
Preloading 0 native plugins for Editor in 0.00 ms.
Unloading 4409 Unused Serialized files (Serialized files now loaded: 0)
Unloading 32 unused Assets / (195.6 KB). Loaded Objects now: 4974.
Memory consumption went from 168.9 MB to 168.7 MB.
Total: 10.098741 ms (FindLiveObjects: 0.881565 ms CreateObjectMapping: 0.392220 ms MarkObjects: 8.423427 ms  DeleteObjects: 0.398737 ms)

AssetImportParameters requested are different than current active one (requested -> active):
  custom:video-decoder-ogg-theora: a1e56fd34408186e4bbccfd4996cb3dc -> 
  custom:container-muxer-webm: aa71ff27fc2769a1b78a27578f13a17b -> 
  custom:container-demuxer-webm: 4f35f7cbe854078d1ac9338744f61a02 -> 
  custom:video-encoder-webm-vp8: eb34c28f22e8b96e1ab97ce403110664 -> 
  custom:video-codec-MediaFoundation-h265: 55f8c8538cf0483ab7069ead6b737db2 -> 
  custom:audio-encoder-webm-vorbis: bf7c407c2cedff20999df2af8eb42d56 -> 
  custom:framework-win-MediaFoundation: 216162199b28c13a410421893ffa2e32 -> 
  custom:container-demuxer-ogg: 62fdf1f143b41e24485cea50d1cbac27 -> 
  custom:video-decoder-webm-vp8: 9c59270c3fd7afecdb556c50c9e8de78 -> 
  custom:audio-decoder-ogg-vorbis: bf7c407c2cedff20999df2af8eb42d56 -> 
========================================================================
Received Prepare
Registering precompiled user dll's ...
Registered in 0.007118 seconds.
Begin MonoManager ReloadAssembly
Native extension for WindowsStandalone target not found
Refreshing native plugins compatible for Editor in 1.27 ms, found 4 plugins.
Preloading 0 native plugins for Editor in 0.00 ms.
Mono: successfully reloaded assembly
- Completed reload, in  2.383 seconds
Domain Reload Profiling:
	ReloadAssembly (2385ms)
		BeginReloadAssembly (201ms)
			ExecutionOrderSort (0ms)
			DisableScriptedObjects (14ms)
			BackupInstance (0ms)
			ReleaseScriptingObjects (0ms)
			CreateAndSetChildDomain (52ms)
		EndReloadAssembly (2048ms)
			LoadAssemblies (119ms)
			RebuildTransferFunctionScriptingTraits (0ms)
			SetupTypeCache (410ms)
			ReleaseScriptCaches (2ms)
			RebuildScriptCaches (75ms)
			SetupLoadedEditorAssemblies (1251ms)
				LogAssemblyErrors (0ms)
				InitializePlatformSupportModulesInManaged (17ms)
				SetLoadedEditorAssemblies (1ms)
				RefreshPlugins (1ms)
				BeforeProcessingInitializeOnLoad (149ms)
				ProcessInitializeOnLoadAttributes (964ms)
				ProcessInitializeOnLoadMethodAttributes (109ms)
				AfterProcessingInitializeOnLoad (8ms)
				EditorAssembliesLoaded (0ms)
			ExecutionOrderSort2 (0ms)
			AwakeInstancesAfterBackupRestoration (20ms)
Platform modules already initialized, skipping
Refreshing native plugins compatible for Editor in 4.01 ms, found 4 plugins.
Preloading 0 native plugins for Editor in 0.00 ms.
Unloading 4409 Unused Serialized files (Serialized files now loaded: 0)
Unloading 32 unused Assets / (195.8 KB). Loaded Objects now: 4977.
Memory consumption went from 169.0 MB to 168.8 MB.
Total: 5.281320 ms (FindLiveObjects: 0.379498 ms CreateObjectMapping: 0.174079 ms MarkObjects: 4.507430 ms  DeleteObjects: 0.218452 ms)

AssetImportParameters requested are different than current active one (requested -> active):
  custom:video-decoder-ogg-theora: a1e56fd34408186e4bbccfd4996cb3dc -> 
  custom:container-muxer-webm: aa71ff27fc2769a1b78a27578f13a17b -> 
  custom:container-demuxer-webm: 4f35f7cbe854078d1ac9338744f61a02 -> 
  custom:video-encoder-webm-vp8: eb34c28f22e8b96e1ab97ce403110664 -> 
  custom:video-codec-MediaFoundation-h265: 55f8c8538cf0483ab7069ead6b737db2 -> 
  custom:audio-encoder-webm-vorbis: bf7c407c2cedff20999df2af8eb42d56 -> 
  custom:framework-win-MediaFoundation: 216162199b28c13a410421893ffa2e32 -> 
  custom:container-demuxer-ogg: 62fdf1f143b41e24485cea50d1cbac27 -> 
  custom:video-decoder-webm-vp8: 9c59270c3fd7afecdb556c50c9e8de78 -> 
  custom:audio-decoder-ogg-vorbis: bf7c407c2cedff20999df2af8eb42d56 -> 
========================================================================
Received Import Request.
  Time since last request: 29.604934 seconds.
  path: Assets/Scripts/GameManager.cs
  artifactKey: Guid(7cdcfaf655018a5449aa81c77d6623da) Importer(815301076,1909f56bfc062723c751e8b465ee728b)
Start importing Assets/Scripts/GameManager.cs using Guid(7cdcfaf655018a5449aa81c77d6623da) Importer(815301076,1909f56bfc062723c751e8b465ee728b)  -> (artifact id: '3b9b8f71480d05c252e3feeafdebdb5a') in 0.011643 seconds 
========================================================================
Received Import Request.
  Time since last request: 38.593118 seconds.
  path: Assets/Scripts/GameManager.cs
  artifactKey: Guid(7cdcfaf655018a5449aa81c77d6623da) Importer(815301076,1909f56bfc062723c751e8b465ee728b)
Start importing Assets/Scripts/GameManager.cs using Guid(7cdcfaf655018a5449aa81c77d6623da) Importer(815301076,1909f56bfc062723c751e8b465ee728b)  -> (artifact id: 'a5dd1363eb4f5af5faac42ac9d70dcd4') in 0.005701 seconds 
========================================================================
Received Prepare
Registering precompiled user dll's ...
Registered in 0.009182 seconds.
Begin MonoManager ReloadAssembly
Native extension for WindowsStandalone target not found
Refreshing native plugins compatible for Editor in 1.26 ms, found 4 plugins.
Preloading 0 native plugins for Editor in 0.00 ms.
Mono: successfully reloaded assembly
- Completed reload, in  1.916 seconds
Domain Reload Profiling:
	ReloadAssembly (1918ms)
		BeginReloadAssembly (227ms)
			ExecutionOrderSort (0ms)
			DisableScriptedObjects (10ms)
			BackupInstance (0ms)
			ReleaseScriptingObjects (0ms)
			CreateAndSetChildDomain (55ms)
		EndReloadAssembly (1531ms)
			LoadAssemblies (144ms)
			RebuildTransferFunctionScriptingTraits (0ms)
			SetupTypeCache (377ms)
			ReleaseScriptCaches (2ms)
			RebuildScriptCaches (69ms)
			SetupLoadedEditorAssemblies (887ms)
				LogAssemblyErrors (0ms)
				InitializePlatformSupportModulesInManaged (18ms)
				SetLoadedEditorAssemblies (1ms)
				RefreshPlugins (1ms)
				BeforeProcessingInitializeOnLoad (108ms)
				ProcessInitializeOnLoadAttributes (697ms)
				ProcessInitializeOnLoadMethodAttributes (54ms)
				AfterProcessingInitializeOnLoad (7ms)
				EditorAssembliesLoaded (0ms)
			ExecutionOrderSort2 (0ms)
			AwakeInstancesAfterBackupRestoration (11ms)
Platform modules already initialized, skipping
Refreshing native plugins compatible for Editor in 4.06 ms, found 4 plugins.
Preloading 0 native plugins for Editor in 0.00 ms.
Unloading 4409 Unused Serialized files (Serialized files now loaded: 0)
Unloading 32 unused Assets / (195.5 KB). Loaded Objects now: 4980.
Memory consumption went from 169.0 MB to 168.8 MB.
Total: 5.682539 ms (FindLiveObjects: 0.441558 ms CreateObjectMapping: 0.219383 ms MarkObjects: 4.792907 ms  DeleteObjects: 0.226830 ms)

AssetImportParameters requested are different than current active one (requested -> active):
  custom:video-decoder-ogg-theora: a1e56fd34408186e4bbccfd4996cb3dc -> 
  custom:container-muxer-webm: aa71ff27fc2769a1b78a27578f13a17b -> 
  custom:container-demuxer-webm: 4f35f7cbe854078d1ac9338744f61a02 -> 
  custom:video-encoder-webm-vp8: eb34c28f22e8b96e1ab97ce403110664 -> 
  custom:video-codec-MediaFoundation-h265: 55f8c8538cf0483ab7069ead6b737db2 -> 
  custom:audio-encoder-webm-vorbis: bf7c407c2cedff20999df2af8eb42d56 -> 
  custom:framework-win-MediaFoundation: 216162199b28c13a410421893ffa2e32 -> 
  custom:container-demuxer-ogg: 62fdf1f143b41e24485cea50d1cbac27 -> 
  custom:video-decoder-webm-vp8: 9c59270c3fd7afecdb556c50c9e8de78 -> 
  custom:audio-decoder-ogg-vorbis: bf7c407c2cedff20999df2af8eb42d56 -> 
========================================================================
Received Import Request.
  Time since last request: 34.591221 seconds.
  path: Assets/Scripts/GameManager.cs
  artifactKey: Guid(7cdcfaf655018a5449aa81c77d6623da) Importer(815301076,1909f56bfc062723c751e8b465ee728b)
Start importing Assets/Scripts/GameManager.cs using Guid(7cdcfaf655018a5449aa81c77d6623da) Importer(815301076,1909f56bfc062723c751e8b465ee728b)  -> (artifact id: '00000000000000000000000000000000') in 0.010502 seconds  code(4) message(Build asset version error: assets/scripts/gamemanager.cs in SourceAssetDB has modification time of '2023-09-07T21:52:35.1885349Z' while content on disk has modification time of '2023-09-07T21:52:35.680013Z')
  ERROR: Build asset version error: assets/scripts/gamemanager.cs in SourceAssetDB has modification time of '2023-09-07T21:52:35.1885349Z' while content on disk has modification time of '2023-09-07T21:52:35.680013Z'
========================================================================
Received Prepare
Registering precompiled user dll's ...
Registered in 0.006985 seconds.
Begin MonoManager ReloadAssembly
Native extension for WindowsStandalone target not found
Refreshing native plugins compatible for Editor in 1.22 ms, found 4 plugins.
Preloading 0 native plugins for Editor in 0.00 ms.
Mono: successfully reloaded assembly
- Completed reload, in  6.296 seconds
Domain Reload Profiling:
	ReloadAssembly (6297ms)
		BeginReloadAssembly (233ms)
			ExecutionOrderSort (0ms)
			DisableScriptedObjects (10ms)
			BackupInstance (0ms)
			ReleaseScriptingObjects (0ms)
			CreateAndSetChildDomain (61ms)
		EndReloadAssembly (4716ms)
			LoadAssemblies (116ms)
			RebuildTransferFunctionScriptingTraits (0ms)
			SetupTypeCache (1531ms)
			ReleaseScriptCaches (2ms)
			RebuildScriptCaches (66ms)
			SetupLoadedEditorAssemblies (2919ms)
				LogAssemblyErrors (0ms)
				InitializePlatformSupportModulesInManaged (18ms)
				SetLoadedEditorAssemblies (1ms)
				RefreshPlugins (1ms)
				BeforeProcessingInitializeOnLoad (109ms)
				ProcessInitializeOnLoadAttributes (2732ms)
				ProcessInitializeOnLoadMethodAttributes (50ms)
				AfterProcessingInitializeOnLoad (7ms)
				EditorAssembliesLoaded (0ms)
			ExecutionOrderSort2 (0ms)
			AwakeInstancesAfterBackupRestoration (11ms)
Platform modules already initialized, skipping
Refreshing native plugins compatible for Editor in 4.03 ms, found 4 plugins.
Preloading 0 native plugins for Editor in 0.00 ms.
Unloading 4409 Unused Serialized files (Serialized files now loaded: 0)
Unloading 32 unused Assets / (195.8 KB). Loaded Objects now: 4983.
Memory consumption went from 169.0 MB to 168.8 MB.
Total: 5.886717 ms (FindLiveObjects: 0.501756 ms CreateObjectMapping: 0.211005 ms MarkObjects: 4.942161 ms  DeleteObjects: 0.229312 ms)

AssetImportParameters requested are different than current active one (requested -> active):
  custom:video-decoder-ogg-theora: a1e56fd34408186e4bbccfd4996cb3dc -> 
  custom:container-muxer-webm: aa71ff27fc2769a1b78a27578f13a17b -> 
  custom:container-demuxer-webm: 4f35f7cbe854078d1ac9338744f61a02 -> 
  custom:video-encoder-webm-vp8: eb34c28f22e8b96e1ab97ce403110664 -> 
  custom:video-codec-MediaFoundation-h265: 55f8c8538cf0483ab7069ead6b737db2 -> 
  custom:audio-encoder-webm-vorbis: bf7c407c2cedff20999df2af8eb42d56 -> 
  custom:framework-win-MediaFoundation: 216162199b28c13a410421893ffa2e32 -> 
  custom:container-demuxer-ogg: 62fdf1f143b41e24485cea50d1cbac27 -> 
  custom:video-decoder-webm-vp8: 9c59270c3fd7afecdb556c50c9e8de78 -> 
  custom:audio-decoder-ogg-vorbis: bf7c407c2cedff20999df2af8eb42d56 -> 
========================================================================
Received Import Request.
  Time since last request: 26.768348 seconds.
  path: Assets/Scripts/GameManager.cs
  artifactKey: Guid(7cdcfaf655018a5449aa81c77d6623da) Importer(815301076,1909f56bfc062723c751e8b465ee728b)
Start importing Assets/Scripts/GameManager.cs using Guid(7cdcfaf655018a5449aa81c77d6623da) Importer(815301076,1909f56bfc062723c751e8b465ee728b)  -> (artifact id: '4c5087ca87eede8141d51269f8fdfd56') in 0.008603 seconds 
========================================================================
Received Import Request.
  Time since last request: 4711.735825 seconds.
  path: Assets/Scripts/Cam.cs
  artifactKey: Guid(1e71f6d342bb2cb4e87e80763c3105ed) Importer(815301076,1909f56bfc062723c751e8b465ee728b)
Start importing Assets/Scripts/Cam.cs using Guid(1e71f6d342bb2cb4e87e80763c3105ed) Importer(815301076,1909f56bfc062723c751e8b465ee728b)  -> (artifact id: 'ff7f924264eaa34d4e9a101a0b58af55') in 0.110783 seconds 
========================================================================
Received Prepare
Registering precompiled user dll's ...
Registered in 0.011990 seconds.
Begin MonoManager ReloadAssembly
Native extension for WindowsStandalone target not found
Refreshing native plugins compatible for Editor in 2.18 ms, found 4 plugins.
Preloading 0 native plugins for Editor in 0.00 ms.
Mono: successfully reloaded assembly
- Completed reload, in 18.034 seconds
Domain Reload Profiling:
	ReloadAssembly (18046ms)
		BeginReloadAssembly (1742ms)
			ExecutionOrderSort (0ms)
			DisableScriptedObjects (196ms)
			BackupInstance (0ms)
			ReleaseScriptingObjects (0ms)
			CreateAndSetChildDomain (579ms)
		EndReloadAssembly (16037ms)
			LoadAssemblies (1030ms)
			RebuildTransferFunctionScriptingTraits (0ms)
			SetupTypeCache (2591ms)
			ReleaseScriptCaches (7ms)
			RebuildScriptCaches (699ms)
			SetupLoadedEditorAssemblies (10780ms)
				LogAssemblyErrors (0ms)
				InitializePlatformSupportModulesInManaged (311ms)
				SetLoadedEditorAssemblies (241ms)
				RefreshPlugins (5ms)
				BeforeProcessingInitializeOnLoad (3529ms)
				ProcessInitializeOnLoadAttributes (6481ms)
				ProcessInitializeOnLoadMethodAttributes (188ms)
				AfterProcessingInitializeOnLoad (19ms)
				EditorAssembliesLoaded (6ms)
			ExecutionOrderSort2 (0ms)
			AwakeInstancesAfterBackupRestoration (51ms)
Platform modules already initialized, skipping
Refreshing native plugins compatible for Editor in 14.62 ms, found 4 plugins.
Preloading 0 native plugins for Editor in 0.00 ms.
Unloading 4410 Unused Serialized files (Serialized files now loaded: 0)
Unloading 32 unused Assets / (196.5 KB). Loaded Objects now: 4987.
Memory consumption went from 169.0 MB to 168.8 MB.
Total: 41.442229 ms (FindLiveObjects: 0.444351 ms CreateObjectMapping: 0.455211 ms MarkObjects: 39.433651 ms  DeleteObjects: 1.105912 ms)

AssetImportParameters requested are different than current active one (requested -> active):
  custom:video-decoder-ogg-theora: a1e56fd34408186e4bbccfd4996cb3dc -> 
  custom:container-muxer-webm: aa71ff27fc2769a1b78a27578f13a17b -> 
  custom:container-demuxer-webm: 4f35f7cbe854078d1ac9338744f61a02 -> 
  custom:video-encoder-webm-vp8: eb34c28f22e8b96e1ab97ce403110664 -> 
  custom:video-codec-MediaFoundation-h265: 55f8c8538cf0483ab7069ead6b737db2 -> 
  custom:audio-encoder-webm-vorbis: bf7c407c2cedff20999df2af8eb42d56 -> 
  custom:framework-win-MediaFoundation: 216162199b28c13a410421893ffa2e32 -> 
  custom:container-demuxer-ogg: 62fdf1f143b41e24485cea50d1cbac27 -> 
  custom:video-decoder-webm-vp8: 9c59270c3fd7afecdb556c50c9e8de78 -> 
  custom:audio-decoder-ogg-vorbis: bf7c407c2cedff20999df2af8eb42d56 -> 
